id,domain,status,purchase_price,renewal_price,attractiveness,demand,length,registrar,created_at,expires_at,status_verified_at
f0decc2e-3495-4bd1-8999-c1e0e7d6c44b,awheel.fashion,available,32.49,32.49,medium,low,6,namesilo,,,08/08/2026 01:05
f814c7f6-7bbf-4f4d-8113-db16bade378d,bickering.fashion,available,32.49,32.49,medium,low,9,namesilo,,,23/09/2026 13:12
56e9d3ee-a4db-4cbd-855f-e662634e0277,deflected.fashion,available,25.2,25.2,medium,low,9,cloudflare,,,02/10/2026 21:41
a1a31d1c-2aee-488b-ab18-1b98ba9222d6,penned.fashion,available,32.49,32.49,medium,low,6,namesilo,,,02/10/2026 23:05
b3609a77-a82e-4006-94cf-e335d73ab57e,cresson.fashion,available,32.49,32.49,medium,low,7,namesilo,,,13/08/2026 06:16
a8d56836-9d76-4665-b7ff-b54e59f48ae7,butch.fashion,available,32.49,32.49,medium,low,5,namesilo,,,11/08/2026 11:29
f2414ca8-22c1-4e0f-8d58-71846d9bf964,bivouac.fashion,available,32.49,32.49,medium,low,7,namesilo,,,11/08/2026 15:54
3f472414-d727-4111-8630-4f566e118432,snag.fashion,premium,47.2,29.5,high,low,4,namesilo,,,02/10/2026 06:18
6df49dbd-19c1-4005-9105-9132714d6034,dextral.fashion,available,32.49,32.49,medium,low,7,namesilo,,,14/08/2026 05:28
6b8e1297-ca65-49fa-912a-e03e28d8e554,hurricane.fashion,available,32.49,32.49,high,low,9,namesilo,,,27/09/2026 14:11
29adebe9-fcf9-496c-a7ff-f8ec96cbaa6b,netherland.fashion,available,26.08,26.08,medium,low,10,spaceship,,,30/09/2026 05:30
bf6d9855-79b7-4b71-a41f-3cfdd03ebe5f,statisticians.fashion,available,26.08,26.08,medium,low,13,spaceship,,,01/10/2026 18:33
bfb32a81-5624-4edf-b733-3b92fca78b1c,misdirect.fashion,available,32.49,32.49,medium,low,9,namesilo,,,13/08/2026 02:26
9fa1c932-c65e-408c-a87c-402d9760131c,midsummer.fashion,available,26.08,26.08,high,low,9,spaceship,,,01/10/2026 20:12
891026a3-b6af-49fb-8fb2-5497eea2baab,darlene.fashion,available,26.08,26.08,high,low,7,spaceship,,,30/09/2026 21:02
a5a62035-ee53-4013-814d-5481db92e128,potpourri.fashion,available,32.49,32.49,high,low,9,namesilo,,,25/08/2026 08:24
3787c10e-e5ec-4686-9909-5a48a7a994d9,coldest.fashion,available,25.2,25.2,low,low,7,cloudflare,,,02/10/2026 21:44
93b409ed-acfa-40a1-8d5c-30030ce54b0a,crested.fashion,available,32.49,32.49,high,low,7,namesilo,,,13/08/2026 06:20
21b7f372-374b-480f-9f4c-ae11ae6b02b4,referral.fashion,available,26.08,26.08,high,low,8,spaceship,,,01/10/2026 21:29
0ec18760-bb47-4092-9248-886cf94aca57,bailor.fashion,available,33.98,45.98,medium,low,6,namecheap,,,21/09/2026 19:14
5a877135-ea71-42db-bcaf-03c208daa67b,destinies.fashion,available,32.49,32.49,high,low,9,namesilo,,,20/09/2026 07:12
69735a57-c4d6-472d-b758-5f73c83acf30,chalybeate.fashion,available,32.49,32.49,medium,low,10,namesilo,,,12/08/2026 01:32
71e9cf45-a59e-4ee1-88f8-835ed053aedc,alexey.fashion,available,26.26,26.26,high,low,6,porkbun,,,02/10/2026 21:00
36ee3181-09d5-4691-803d-673eff9e4324,banff.fashion,available,33.98,45.98,medium,low,5,namecheap,,,22/09/2026 01:44
a277ce01-6ac3-452e-9277-e165faaf2ff1,wins.fashion,premium,47.2,29.5,high,low,4,namesilo,,,18/09/2026 14:21
f692ffdf-83fd-49e3-adbf-7981d3b40302,chimes.fashion,available,26.08,26.08,medium,low,6,spaceship,,,02/10/2026 13:40
1d620d5a-a13c-4df8-a2c9-72a9745d24e6,registered.fashion,available,26.97,26.97,high,low,10,dynadot,,,27/09/2026 11:32
c287d239-9117-452f-9260-2d1a683addf1,alright.fashion,available,33.98,45.98,high,low,7,namecheap,,,22/09/2026 01:15
e2f9f06b-15aa-4307-9a1f-910eec8b02c2,segments.fashion,available,32.49,32.49,medium,low,8,namesilo,,,02/10/2026 11:37
f9cf4c67-915f-4bd0-bf63-a744f9aeaa77,homy.fashion,premium,47.2,29.5,medium,low,4,namesilo,,,21/08/2026 11:08
416eba14-afb8-4a82-a94e-61e407bc127b,disposition.fashion,available,25.2,25.2,high,low,11,cloudflare,,,29/09/2026 02:57
978c393b-df98-473b-b5bf-ffc4fd75a626,beatniks.fashion,available,33.98,45.98,medium,low,8,namecheap,,,22/09/2026 21:34
2dcbaf8e-c549-4e8a-acbc-6073ddfd946a,competent.fashion,available,32.49,32.49,high,low,9,namesilo,,,23/09/2026 17:16
3d1cb2f0-515c-4322-b2db-d62f0c7e500c,sensuous.fashion,available,32.49,32.49,high,low,8,namesilo,,,10/09/2026 03:48
d02fc909-665e-435c-99fd-5a35f9a24736,michal.fashion,available,26.08,26.08,high,low,6,spaceship,,,30/09/2026 12:53
eb41f0b1-054a-4a99-81f7-9913a9b165c6,blasts.fashion,available,32.49,32.49,medium,low,6,namesilo,,,02/10/2026 13:35
6795b2a0-ff54-40c1-a58c-7515400c55b4,laws.fashion,premium,512,29.5,high,low,4,namesilo,,,30/09/2026 02:25
f95bdfb1-63fb-48ec-bdd0-4f8f73224ce0,smc.fashion,premium,41.6,26.08,high,low,3,spaceship,,,30/09/2026 21:13
22fd5421-3302-426b-a96a-d8bfbbaf38e8,summerset.fashion,available,32.49,32.49,medium,low,9,namesilo,,,18/08/2026 08:29
be3f80f7-f2a4-4114-b117-5e4afb0b970a,boylston.fashion,available,26.08,26.08,medium,low,8,spaceship,,,01/10/2026 12:42
271a7eca-fef3-4ac2-a76b-d95502934e90,leak.fashion,premium,44.19,27.82,high,low,4,porkbun,,,30/09/2026 02:34
fb6bcf2e-2e37-4394-9630-4e103eb82663,bigger.fashion,available,25.2,25.2,high,low,6,cloudflare,,,29/09/2026 20:37
5f991d61-2f5f-40a4-82ca-387c2db66ecd,gip.fashion,premium,242,29.5,medium,low,3,namesilo,,,14/09/2026 08:07
c01aaeb6-a3b3-485f-aa6d-b83eecae9425,richards.fashion,available,32.49,32.49,high,low,8,namesilo,,,25/09/2026 07:42
86468dae-c080-41f0-b8ba-bdb6680c7383,flavorless.fashion,available,32.49,32.49,medium,low,10,namesilo,,,10/08/2026 12:57
fae40b01-8f84-415e-8b4c-ed010a64fa76,steamed.fashion,available,,,high,low,7,,,,
c0daf5e0-fd80-4e2c-9e4c-ad551a57e777,charleroi.fashion,available,26.08,26.08,medium,low,9,spaceship,,,02/10/2026 04:19
30ad0bb7-0e05-4f84-bcd9-3e40c0d7bfd7,tackling.fashion,available,32.49,32.49,high,low,8,namesilo,,,03/10/2026 03:33
eb523b16-811e-4c95-a103-c8cc01873a9f,miracles.fashion,available,26.08,26.08,high,low,8,spaceship,,,28/09/2026 05:03
d83410c8-d0f7-43e0-9290-db210b0725e8,deliver.fashion,premium,96,29.5,high,low,7,namesilo,,,29/09/2026 02:52
c9e9233c-3fd0-464d-af35-267b09d82d76,yankees.fashion,available,26.97,26.97,high,medium,7,dynadot,,,28/09/2026 05:11
4a8a0988-9b70-4070-8fec-8745ca21117d,crompton.fashion,available,32.49,32.49,high,low,8,namesilo,,,01/10/2026 07:29
95e99f54-d2ff-432a-b3c9-97d7934c51dd,dimensionless.fashion,available,32.49,32.49,medium,low,13,namesilo,,,02/10/2026 01:27
4f594886-7295-492c-8115-c4539b99e90c,siberian.fashion,available,26.08,26.08,high,low,8,spaceship,,,27/09/2026 21:41
f50fbb5c-e295-4f4f-9150-95b877127e5d,tally.fashion,available,26.08,26.08,high,medium,5,spaceship,,,28/09/2026 18:48
f266aa66-0c26-45fe-bb7e-0f71aed9ab3e,campfire.fashion,premium,47.2,29.5,high,low,8,namesilo,,,24/09/2026 11:54
72ce3d71-38fa-4ab8-a1ef-930f55d5367a,eligibility.fashion,available,25.2,25.2,high,low,11,cloudflare,,,30/09/2026 23:11
fd432c69-268e-43eb-befb-ecc5444e0993,sunlight.fashion,available,33.98,45.98,high,low,8,namecheap,,,30/09/2026 12:24
9e23a4e5-3080-429f-ba63-95f42315414e,tread.fashion,available,32.49,32.49,high,low,5,namesilo,,,30/09/2026 02:58
7d021acd-0565-4472-a150-e519743cea7a,contributed.fashion,available,26.08,26.08,medium,low,11,spaceship,,,29/09/2026 17:13
f235d7ae-6556-4c4e-b4a9-0b95eab86f10,hanker.fashion,available,32.49,32.49,medium,low,6,namesilo,,,24/08/2026 08:57
de824d61-4703-41dc-a213-e7840ef06e7f,oblivious.fashion,available,33.98,45.98,high,low,9,namecheap,,,01/10/2026 04:58
0299b0ed-fa17-443d-ad60-971b12567f9e,said.fashion,premium,47.2,29.5,high,low,4,namesilo,,,30/09/2026 23:01
2d195d42-4d90-472b-9d24-1090cf4ab969,mortals.fashion,available,32.49,32.49,medium,low,7,namesilo,,,02/10/2026 02:11
6c848d67-5e1e-4ef1-81e4-d05707bd0cca,subsidiaries.fashion,available,32.49,32.49,medium,low,12,namesilo,,,20/09/2026 06:35
8a3da0b6-75e8-4e86-b437-f96b34f11023,squandered.fashion,available,32.49,32.49,medium,low,10,namesilo,,,10/09/2026 17:24
e671fc82-41dc-488c-a014-2aa2c1f0242a,underdone.fashion,available,32.49,32.49,medium,low,9,namesilo,,,12/09/2026 07:24
4eff8fe8-deb2-4d2a-be33-7500e051c1a7,naomi.fashion,premium,41.6,26.08,medium,low,5,spaceship,,,28/09/2026 14:57
798eb054-b759-4fb4-95e9-5a79491f30bb,oars.fashion,premium,47.2,29.5,medium,low,4,namesilo,,,18/09/2026 11:47
5a87618d-f70b-4e8a-a81d-a07a48469682,tits.fashion,premium,83,26.08,high,low,4,spaceship,,,29/09/2026 21:14
3c546b69-57d0-4b63-8e5c-82a44b7618de,feared.fashion,available,32.49,32.49,medium,low,6,namesilo,,,28/09/2026 11:28
060cf196-5369-42e0-99a7-37d652186f31,listless.fashion,available,32.49,32.49,medium,low,8,namesilo,,,14/08/2026 12:00
ddad4ea3-ccac-426f-938d-18864c24a4c5,stm.fashion,premium,44,26.97,high,medium,3,dynadot,,,03/10/2026 01:16
98c691e6-66b4-48d4-8f29-7f8ff7418841,nearby.fashion,available,32.49,32.49,high,low,6,namesilo,,,03/09/2026 14:32
2c3ca2bb-2a76-42dc-8fd6-ecbd08992ee7,deathbed.fashion,available,26.08,26.08,medium,low,8,spaceship,,,03/10/2026 00:26
df88d3f0-977f-4339-b92c-29c891186083,byrnes.fashion,available,33.98,45.98,medium,low,6,namecheap,,,29/09/2026 09:19
5477fb5d-eb97-4bca-aa0a-b9b6f65258a0,murmur.fashion,available,32.49,32.49,high,low,6,namesilo,,,03/09/2026 11:16
cbfa8a0c-8d07-4b7b-9b19-6dc7bd42f72d,stars.fashion,premium,104,32.5,high,low,5,namecheap,,,02/10/2026 09:21
49e7e085-2314-4d88-bb06-da883cf75e8f,numb.fashion,premium,52,32.5,medium,low,4,namecheap,,,22/09/2026 19:39
b778a0b2-396d-4579-b844-2619c4c3fbc9,completely.fashion,available,32.49,32.49,high,low,10,namesilo,,,22/09/2026 00:16
833ef5ff-4a5c-459a-93f7-93f92a4cd07d,hut.fashion,premium,242,29.5,high,low,3,namesilo,,,20/09/2026 07:59
14605520-e215-4749-8ded-743d2d85b36f,macrophages.fashion,available,32.49,32.49,low,low,11,namesilo,,,28/09/2026 13:24
dd706eae-8978-402a-9451-5b39362c3568,stated.fashion,available,33.98,45.98,high,low,6,namecheap,,,10/09/2026 19:08
f3075eb5-ee51-4c4c-a379-397863c6250b,marylebone.fashion,available,26.26,26.26,medium,low,10,porkbun,,,30/09/2026 14:03
61791d38-d514-449b-bd12-12ce23106e94,researchers.fashion,available,46.99,46.99,medium,low,11,name.com,,,18/09/2026 17:37
d367da3f-bbca-49ce-8a72-2c098735135d,clasp.fashion,available,26.08,26.08,high,low,5,spaceship,,,30/09/2026 08:50
70d4da08-040d-4a4d-80d5-5fb8caf722d5,panoramic.fashion,available,33.98,45.98,high,low,9,namecheap,,,22/09/2026 21:06
94e60a0a-8f8c-47e6-86c3-cbe16e559841,tahiti.fashion,available,26.08,26.08,high,low,6,spaceship,,,29/09/2026 20:28
c54d4c45-c3c1-4d11-8c95-0671322b4b34,inquiry.fashion,available,26.26,26.26,high,low,7,porkbun,,,29/09/2026 00:48
d3175441-1946-4534-9079-bf80eeda88fc,cauterize.fashion,available,32.49,32.49,medium,low,9,namesilo,,,11/08/2026 14:34
d115e507-59d5-4046-bd66-41e82de3b4a9,booker.fashion,available,26.08,26.08,high,low,6,spaceship,,,30/09/2026 00:51
bd638d18-3b97-4f40-8d81-3cea7816c2e9,dated.fashion,available,46.99,46.99,medium,low,5,name.com,,,13/08/2026 18:40
76e17461-d342-430f-8be0-e5022e857773,mascot.fashion,available,26.26,26.26,high,low,6,porkbun,,,30/09/2026 02:14
e778a595-0fc0-4a40-bd30-26a014b5bea9,critic.fashion,available,32.49,32.49,high,low,6,namesilo,,,29/09/2026 12:01
ff74d094-b2c3-4575-98c6-b7ce501c4352,meyers.fashion,available,25.2,25.2,high,low,6,cloudflare,,,27/09/2026 20:50
467a9398-ce63-4d4d-aca8-c486c07c1584,tickling.fashion,available,32.49,32.49,high,low,8,namesilo,,,11/09/2026 15:27
9a225a09-b21c-47e6-a30d-5ef316c1bf74,vacation.fashion,available,26.08,26.08,high,low,8,spaceship,,,29/09/2026 22:55
484da65c-3124-4b8d-8000-e9ffedd3c57c,lifelike.fashion,available,32.49,32.49,high,low,8,namesilo,,,23/08/2026 01:41
b39707de-c6b3-4eeb-97a6-820ac9679d37,tireless.fashion,available,32.49,32.49,high,low,8,namesilo,,,21/08/2026 00:49
3c32b2af-9505-4d73-a5c0-9819cf596c38,velvetleaf.fashion,available,33.98,45.98,medium,low,10,namecheap,,,16/09/2026 19:24
7e7c588a-91b2-4461-99fd-274aa241b114,degenerate.fashion,available,46.99,46.99,medium,low,10,name.com,,,13/08/2026 20:16
bf0dd0a8-46df-43bf-92bb-6282a5c977e2,vance.fashion,premium,47.2,29.5,high,low,5,namesilo,,,27/09/2026 03:12
474bfb22-b8b8-41ab-a357-8b6e5bd3c202,leader.fashion,premium,2660,29.5,high,low,6,namesilo,,,30/09/2026 02:28
1bab47ef-2590-4b6d-b426-a90a7459b5ac,carmel.fashion,available,33.98,45.98,high,low,6,namecheap,,,01/10/2026 08:48
6a9034ad-7837-4723-ab66-cb1c9f3d8398,infernal.fashion,available,32.49,32.49,high,low,8,namesilo,,,10/08/2026 12:50
886b49a2-ba7c-415e-a43c-e959e18095fe,appetency.fashion,available,33.98,45.98,medium,low,9,namecheap,,,19/09/2026 20:43
5495bcaf-8e60-47f4-ad60-461e59c7fc29,earthy.fashion,available,32.49,32.49,high,low,6,namesilo,,,14/08/2026 17:31
51185b84-5afd-431a-b28b-e090450f79f9,ponders.fashion,available,32.49,32.49,medium,low,7,namesilo,,,18/09/2026 02:06
9eeda2c1-652b-4a09-b779-6ec93ef056dc,promiscuous.fashion,available,32.49,32.49,medium,low,11,namesilo,,,01/10/2026 22:33
da97bf7d-a1fd-45e0-a1c8-4a0cefab60b4,illume.fashion,available,32.49,32.49,high,low,6,namesilo,,,23/08/2026 02:41
39f5bea6-7fab-47ba-b378-bfcc1782c7e3,propellant.fashion,available,32.49,32.49,high,low,10,namesilo,,,09/09/2026 03:26
5ea50269-3065-48f9-a090-05fc59cf2de8,quebecois.fashion,available,32.49,32.49,medium,low,9,namesilo,,,09/09/2026 07:48
ef1a1c19-daf9-421b-9ee6-a5bdf6cb8013,bizet.fashion,available,32.49,32.49,medium,low,5,namesilo,,,23/09/2026 23:23
bbac8d2f-8918-4ad2-ba41-b48e013f6eef,vaughn.fashion,available,33.98,45.98,high,low,6,namecheap,,,27/09/2026 11:16
d8ddcb54-4410-423e-a907-33df270122ae,scribe.fashion,available,32.49,32.49,high,low,6,namesilo,,,21/09/2026 03:59
7945d995-5ab1-42c9-b69a-255b0f782317,machiavelli.fashion,available,32.49,32.49,high,low,11,namesilo,,,30/09/2026 04:12
f876e69f-a8a5-4a8e-bde1-c317bc08eee1,sawtooth.fashion,available,32.49,32.49,medium,low,9,namesilo,,,
c9f875d2-38bd-4b0a-898d-d24fd57abc68,perfectly.fashion,available,26.08,26.08,high,low,9,spaceship,,,28/09/2026 11:37
6df76ed0-9cdb-4f92-ac11-ac5c1076f467,escapes.fashion,available,26.08,26.08,medium,low,7,spaceship,,,29/09/2026 05:18
5d4814be-49d8-4c76-95ee-9a5bb1b8781f,panadol.fashion,available,32.49,32.49,high,low,7,namesilo,,,16/09/2026 23:53
93a0de53-4f5e-4996-9989-f18288ea6ef2,crapper.fashion,available,32.49,32.49,high,medium,7,namesilo,,,09/09/2026 00:52
d7ba65c9-ec29-48c4-a2fa-75cc61b2b84c,audible.fashion,available,26.26,26.26,high,high,7,porkbun,,,01/10/2026 22:36
8be56675-6879-4543-9c41-04ac4178e164,passe.fashion,available,32.49,32.49,medium,low,5,namesilo,,,14/08/2026 01:17
7f5e07cf-c005-4b67-9b42-f98acfa038ab,infected.fashion,available,32.49,32.49,high,low,8,namesilo,,,22/08/2026 04:09
0efc5ecc-ff10-4722-9d4f-ddf15a8e289f,bracelets.fashion,available,32.49,32.49,high,low,9,namesilo,,,02/10/2026 03:38
dedcbbf3-ff4b-4e1b-8a74-fab406953f34,pigweed.fashion,available,32.49,32.49,medium,low,7,namesilo,,,18/09/2026 15:54
7e37b997-5c56-40b0-a8c3-c0ec49046795,murder.fashion,available,32.49,32.49,medium,low,6,namesilo,,,26/09/2026 00:00
c2649e16-d1bf-4075-9282-63f2ec6c9806,gareth.fashion,available,25.2,25.2,high,low,6,cloudflare,,,29/09/2026 21:28
9f65a535-fee1-4218-b6f9-4fe4b24adce5,scented.fashion,available,32.49,32.49,high,low,7,namesilo,,,27/09/2026 03:39
2ebcc5dd-95a9-4053-862f-bd9aa696ec90,hardness.fashion,available,32.49,32.49,high,low,8,namesilo,,,02/10/2026 14:31
b27a663f-07ec-4db1-bd90-2771cdc81eb1,azeri.fashion,available,32.49,32.49,high,low,5,namesilo,,,21/09/2026 11:12
3fc166f2-473e-485c-a47d-c3f45bd9b370,intake.fashion,available,32.49,32.49,high,low,6,namesilo,,,29/09/2026 06:09
f1c9be80-4818-4dbd-96c9-86b9aa356a57,daringly.fashion,available,32.49,32.49,medium,low,8,namesilo,,,14/09/2026 10:37
6eb05cdc-0fa9-486d-9116-d567db5d7f83,repeatable.fashion,available,32.49,32.49,medium,low,10,namesilo,,,09/09/2026 09:08
2e96d443-58e6-4930-84c4-ec39389babfa,cheapest.fashion,premium,207.2,26.08,medium,low,8,spaceship,,,02/10/2026 12:14
211070fd-4877-4ac4-b8bb-ecd07615eed3,represent.fashion,available,33.98,45.98,high,low,9,namecheap,,,30/09/2026 11:45
a0b5007d-7aaf-4095-b67c-24c899ed28ba,hangbird.fashion,available,32.49,32.49,medium,low,8,namesilo,,,22/09/2026 00:20
d3d1aafa-a965-4bd8-bf9d-4e05caaae71e,detail.fashion,premium,96,29.5,high,low,6,namesilo,,,29/09/2026 14:10
3bf699c5-1f79-4753-ba31-39dc8478d071,whirlpool.fashion,available,26.26,26.26,high,medium,9,porkbun,,,03/10/2026 00:33
c091efe4-401f-4bca-b047-5abfca40ab27,courtyard.fashion,available,32.49,32.49,high,low,9,namesilo,,,29/09/2026 11:51
6ce009d7-57dc-47a1-bc79-1acc71fafcd2,petition.fashion,available,32.49,32.49,high,low,8,namesilo,,,28/09/2026 10:38
a1040fce-f7ad-4ff1-9bb9-d0371f37ef8f,assignor.fashion,available,32.49,32.49,medium,low,8,namesilo,,,20/09/2026 16:27
aa612165-9894-4e86-a57a-5d0464c44189,amphora.fashion,available,32.49,32.49,high,low,7,namesilo,,,18/09/2026 23:34
8f20df3a-86db-41f9-a36d-a55d5edb397f,stability.fashion,available,33.98,45.98,high,low,9,namecheap,,,29/09/2026 11:16
eb627f19-108c-4e6f-8986-bb5de049b8c0,standardised.fashion,available,32.49,32.49,high,low,12,namesilo,,,02/10/2026 03:58
262406ac-8506-4802-a27b-259298789c02,genealogic.fashion,available,33.98,45.98,medium,low,10,namecheap,,,18/08/2026 21:22
24ba7b3f-c00a-41c0-bee2-c25f2c7d27e0,picky.fashion,available,32.49,32.49,high,low,5,namesilo,,,18/08/2026 05:00
3b907770-86ac-46ae-8221-020d4070e227,adela.fashion,premium,44,26.97,medium,low,5,dynadot,,,02/10/2026 09:08
0e033409-36bb-41a0-a699-e09f145f4b02,gray.fashion,premium,512,29.5,high,low,4,namesilo,,,24/09/2026 22:57
414f0521-c97f-4e9f-9fb9-b7b7197af68e,experimenting.fashion,available,26.08,26.08,high,low,13,spaceship,,,29/09/2026 08:49
5150c9b3-a510-4c27-8aae-b2f552932c5d,courtroom.fashion,available,32.49,32.49,high,low,9,namesilo,,,29/09/2026 11:50
f5147955-2e4f-41e3-a8b3-0bf3c6d1cfb7,roddy.fashion,available,25.2,25.2,high,low,5,cloudflare,,,30/09/2026 20:26
00648ad1-065f-4d72-87e7-91b20d4806f1,ozarks.fashion,available,25.2,25.2,medium,low,6,cloudflare,,,01/10/2026 03:12
c0c6c87f-f58c-4832-9aff-dfb9eb9d06ee,tremulous.fashion,available,32.49,32.49,medium,low,9,namesilo,,,09/09/2026 07:46
16c74eb7-127d-4b25-8c07-a5877f8446ec,rope.fashion,premium,52,32.5,high,low,4,namecheap,,,25/09/2026 22:52
173c4d82-2b35-421c-a7d8-1683f6e8b678,executing.fashion,available,33.98,45.98,medium,low,9,namecheap,,,29/09/2026 07:22
9719de45-5720-40d5-9c7f-6bb035007ab0,teresa.fashion,available,33.98,45.98,high,low,6,namecheap,,,17/09/2026 18:40
f8ec2d75-81f2-4a3f-9e81-75ddb3b5ba43,mississauga.fashion,available,26.08,26.08,high,low,11,spaceship,,,30/09/2026 21:22
3cbf445c-1ca6-49ed-921a-c6e2d38cb120,soursop.fashion,available,32.49,32.49,high,low,7,namesilo,,,19/09/2026 10:36
19e32445-afdf-47d0-a689-c64ce09fd601,rong.fashion,premium,104,32.5,low,low,4,namecheap,,,02/10/2026 02:50
60b9dd89-165b-45f9-b330-d629b00cb9db,nepalese.fashion,available,32.49,32.49,medium,low,8,namesilo,,,03/09/2026 15:35
ab9848d5-198d-4750-8151-6d9625072e9a,bell.fashion,premium,52,32.5,high,low,4,namecheap,,,28/09/2026 20:18
d2a481ca-2539-424b-b022-e65b89cd0d52,scorpion.fashion,available,32.49,32.49,high,low,8,namesilo,,,30/09/2026 02:48
4f752d23-398f-4bf6-a120-0b91185b2ab9,wars.fashion,premium,512,29.5,medium,low,4,namesilo,,,18/09/2026 16:04
4fd708b2-3042-4fca-8f5f-7de0d8c1f2a9,hayek.fashion,available,25.2,25.2,medium,low,5,cloudflare,,,01/10/2026 02:14
f2f53441-9470-45ff-8d22-d28265fee647,offroader.fashion,available,33.98,45.98,medium,low,10,namecheap,,,18/09/2026 09:00
ec09aee3-7ecd-41da-8ce5-c72d8587f001,sloshed.fashion,available,32.49,32.49,low,low,7,namesilo,,,09/08/2026 15:48
3f80d6a2-dcc2-47cc-9764-55b36905cd28,bidder.fashion,available,32.49,32.49,medium,low,6,namesilo,,,23/09/2026 13:43
0c6b51a2-4909-4fd8-b011-3cb95e4fa19d,legitimize.fashion,available,32.49,32.49,high,low,10,namesilo,,,04/09/2026 05:07
431c4bac-cda4-4a49-9b7a-be575a5b5118,nandi.fashion,premium,44.19,27.82,high,low,5,porkbun,,,02/10/2026 18:59
8f67bd6f-185c-435d-b67a-e5a26e83dfdc,sighs.fashion,available,26.26,26.26,medium,low,5,porkbun,,,30/09/2026 00:18
3817b222-6d73-40e2-ae8f-ed90ff482bac,abruptly.fashion,available,46.99,46.99,medium,low,8,name.com,,,13/08/2026 19:17
7685ce5c-1abf-4f22-884b-7318343e4fdd,neptunium.fashion,available,33.98,45.98,medium,low,9,namecheap,,,21/09/2026 00:09
ab2f326d-edb6-4242-aa9a-5bb08e0d8d4d,drought.fashion,available,26.08,26.08,medium,low,7,spaceship,,,29/09/2026 12:05
6de5d8fb-1827-4993-9646-9a83fe9b9672,addison.fashion,available,26.08,26.08,medium,low,7,spaceship,,,29/09/2026 23:23
927fd004-e096-4072-abfa-708143487490,sublimated.fashion,available,32.49,32.49,high,low,10,namesilo,,,11/09/2026 00:06
ff69ef41-5a42-4d37-876e-03b567ae6374,obnoxious.fashion,available,32.49,32.49,medium,low,9,namesilo,,,03/09/2026 23:32
3d6bb58a-a52f-47ba-ba03-a13baf6bfe0e,chs.fashion,premium,,,high,low,3,,,,30/09/2026 21:35
c2ab138d-fc9c-4717-83fe-0223a76918b1,seeks.fashion,available,25.2,25.2,medium,low,5,cloudflare,,,28/09/2026 23:37
ae161f0e-9c39-424b-9077-6b067d6c873b,camus.fashion,available,33.98,45.98,high,low,5,namecheap,,,18/09/2026 02:38
ce640235-6cd7-4fab-8d07-2c721f6a66d4,pesticide.fashion,available,26.08,26.08,high,low,9,spaceship,,,01/10/2026 21:15
beddcfaf-8c09-45bc-a6a7-5b730fc1a35c,friendships.fashion,available,32.49,32.49,medium,low,11,namesilo,,,30/09/2026 15:36
4f1ad4a1-e2d2-43b6-b2a8-2e989f6d0c3a,inch.fashion,premium,47.2,29.5,high,low,4,namesilo,,,25/09/2026 08:00
4986ff0e-7cd4-4103-ac1e-2c197eed74c7,expressing.fashion,available,26.08,26.08,medium,low,10,spaceship,,,29/09/2026 05:05
c9a1d451-744e-4646-9204-45f133e9eb1c,metrically.fashion,available,32.49,32.49,medium,low,10,namesilo,,,15/09/2026 14:41
58d1e9a9-42c8-41b2-a2e8-03582da67148,dovish.fashion,available,32.49,32.49,medium,low,6,namesilo,,,14/08/2026 17:07
5e485138-72c7-402b-abb4-ceb18d6bf327,wasting.fashion,available,32.49,32.49,medium,low,7,namesilo,,,21/09/2026 00:58
b21f1e88-94d9-4afe-847d-a2fab3f2933d,brandt.fashion,premium,47.2,29.5,high,low,6,namesilo,,,27/09/2026 11:47
4af52230-2d3d-4908-874e-f0bfddc7abc5,sleek.fashion,premium,47.2,29.5,high,low,5,namesilo,,,18/08/2026 09:13
637a250f-a939-4335-901f-52b878fd676e,deformity.fashion,available,33.98,45.98,medium,low,9,namecheap,,,24/09/2026 21:21
7652720f-3935-42e0-a916-29fe75032901,ingenious.fashion,available,32.49,32.49,high,low,9,namesilo,,,22/08/2026 04:52
4ab48f22-c91f-48e5-83e5-df749a580491,kazakh.fashion,available,32.49,32.49,medium,low,6,namesilo,,,28/09/2026 14:39
36d76144-4f40-4ccc-ab7d-17e6281a89d3,lammas.fashion,available,32.49,32.49,medium,low,6,namesilo,,,21/09/2026 03:43
4099b15c-7678-4109-bc42-abbccb9b9d37,antalya.fashion,available,32.49,32.49,high,low,7,namesilo,,,17/09/2026 06:10
6c7a43f8-db53-42d6-8bd0-43d5a5e75db6,cheltenham.fashion,available,25.2,25.2,medium,low,10,cloudflare,,,28/09/2026 12:18
cd5698c0-6b2f-476b-a56c-d618d9391025,trussed.fashion,available,32.49,32.49,medium,low,7,namesilo,,,11/09/2026 15:47
a8bf5ae4-54c2-4fb7-9738-80e4c27a3caf,npa.fashion,premium,41.6,26.08,high,low,3,spaceship,,,30/09/2026 18:11
481e70e8-d2ec-49ef-beb4-c15ac93ca96f,racking.fashion,available,32.49,32.49,medium,low,7,namesilo,,,09/09/2026 09:25
449735bd-ceef-4cc4-9a2c-de153157fb53,begetter.fashion,available,32.49,32.49,medium,low,8,namesilo,,,23/09/2026 02:08
9fbe3dde-8922-49bd-86ea-544b7cd52173,untidy.fashion,available,33.98,45.98,medium,low,6,namecheap,,,12/09/2026 21:22
e57f4e18-7b26-44ed-9bb3-f1cecb4190ee,mcmaster.fashion,available,25.2,25.2,medium,low,8,cloudflare,,,29/09/2026 01:24
55a0ec76-eb96-4442-a59c-d20d99f9fae4,monastery.fashion,available,25.2,25.2,high,low,9,cloudflare,,,28/09/2026 19:54
509727af-5fe3-44bb-b3d7-44bb2a5d3007,resisted.fashion,available,32.49,32.49,medium,low,8,namesilo,,,29/09/2026 16:36
fb03d8e8-e368-4cf0-b2db-0559d272afc6,alhazen.fashion,available,32.49,32.49,medium,low,7,namesilo,,,18/09/2026 00:42
791c2f13-a928-49d1-bb71-d3e73d31fe77,mcintosh.fashion,available,32.49,32.49,high,low,8,namesilo,,,27/09/2026 04:44
dedf686b-0f16-4fb0-8d3f-376b7927ff13,customization.fashion,available,32.49,32.49,high,low,13,namesilo,,,30/09/2026 22:42
88d14624-ff75-49ca-9922-bf57539d9ff8,antipodes.fashion,available,32.49,32.49,medium,low,9,namesilo,,,19/09/2026 14:59
4cde8702-96fc-4158-8991-6be6e0caa667,ismail.fashion,premium,,,medium,low,6,,,,28/09/2026 11:55
529a2eb5-a92d-4faf-a9ef-6f1861ed3317,somehow.fashion,available,33.98,45.98,medium,low,7,namecheap,,,28/09/2026 15:41
24db8909-69e9-4fa3-bb15-6fafa7a11c1c,turning.fashion,available,32.49,32.49,high,low,7,namesilo,,,26/09/2026 00:27
9db08b8b-cac0-4fc9-bd04-8804c150b0c1,ravaging.fashion,available,32.49,32.49,high,medium,8,namesilo,,,09/09/2026 10:39
6e08e741-c3d9-4eef-958c-9c98c2de2fff,shoddy.fashion,available,32.49,32.49,medium,low,6,namesilo,,,12/08/2026 03:27
f18b72db-ecdf-482b-a58c-6d1d1b2cc700,motherlike.fashion,available,32.49,32.49,medium,low,10,namesilo,,,25/08/2026 07:04
9f872ffc-5460-4dd8-9ad5-64bb64af3d96,stations.fashion,available,25.2,25.2,high,low,8,cloudflare,,,30/09/2026 11:51
222d83a0-d524-4c8c-8ead-b326115bf217,pivotal.fashion,available,33.98,45.98,high,medium,7,namecheap,,,08/09/2026 20:11
a74c83ce-5638-4624-a02b-7967d021828d,pallor.fashion,available,32.49,32.49,medium,low,6,namesilo,,,17/09/2026 01:07
ceb1b5db-3fe8-4651-860a-b7136733da17,lamp.fashion,premium,47.2,29.5,high,low,4,namesilo,,,30/09/2026 01:59
d9c8a8e7-f530-494a-8d59-0df3517dc5cd,mocked.fashion,available,32.49,32.49,medium,low,6,namesilo,,,02/10/2026 13:42
6b79c3cb-1e54-43bb-83ff-9e20f71ac6cd,filter.fashion,premium,47.2,29.5,high,low,6,namesilo,,,25/09/2026 00:06
b543d035-7419-452d-91e6-54c10942f054,boehme.fashion,available,33.98,45.98,medium,low,6,namecheap,,,23/09/2026 03:32
e89df6da-6fbe-4037-94f9-e3a8313e3e79,tensile.fashion,available,32.49,32.49,medium,low,7,namesilo,,,11/09/2026 11:30
3c396bda-dbe6-494e-8e5f-cd3354bb6788,bondable.fashion,available,32.49,32.49,medium,low,8,namesilo,,,09/08/2026 23:59
45fa110f-d1b3-4379-bc60-d4d938aab87e,linelike.fashion,available,32.49,32.49,medium,low,8,namesilo,,,23/08/2026 15:03
7203abf8-9831-4d6b-8fbf-293a53cb825c,slyness.fashion,available,32.49,32.49,medium,low,7,namesilo,,,13/08/2026 10:43
9117fd4d-fb06-4b62-90dc-7f345e096c6a,kerouac.fashion,available,26.26,26.26,medium,low,7,porkbun,,,02/10/2026 15:49
76759f3a-bd96-4e96-9ede-5331da7e09c3,engages.fashion,available,25.2,25.2,medium,low,7,cloudflare,,,02/10/2026 22:45
9f8cdddd-f7a0-4ef7-b78c-1daf0533edd2,catalyst.fashion,resell,,,high,medium,8,,,,29/09/2026 18:16
c98ea692-f6da-49e0-bdb1-ef200b4e6c2c,immodest.fashion,available,33.98,45.98,medium,low,8,namecheap,,,21/08/2026 21:09
c8b5e567-1f79-4d4f-b53d-94671e6da96f,gluey.fashion,available,32.49,32.49,medium,low,5,namesilo,,,20/08/2026 15:16
dcd20dbc-39ca-454f-92ff-757d3eb3c7a5,crap.fashion,premium,414.2,26.08,medium,low,4,spaceship,,,29/09/2026 05:21
692de396-5a11-4cde-863d-6cc70e08fd42,melo.fashion,premium,44,26.97,high,low,4,dynadot,,,30/09/2026 21:58
3d411b53-b2b8-4220-a174-a24f743d7b70,containing.fashion,available,26.08,26.08,medium,low,10,spaceship,,,29/09/2026 03:15
793399d1-fffb-4d42-b007-439286287089,bluntly.fashion,available,32.49,32.49,medium,low,7,namesilo,,,14/09/2026 00:39
8a1422b1-747f-4ab2-8162-353fb58f9b91,nautilus.fashion,available,33.98,45.98,high,low,8,namecheap,,,20/09/2026 04:33
95db3e4d-bc80-46e7-80ff-bacb0c2f66cb,nicely.fashion,available,32.49,32.49,high,low,6,namesilo,,,15/09/2026 16:32
215b5440-82d1-4b19-8922-7c3c3eb2d76c,flat.fashion,premium,47.2,29.5,high,low,4,namesilo,,,21/09/2026 12:19
43a6b1f1-b791-4dd3-9d89-43eff546ed87,brendan.fashion,available,25.2,25.2,medium,low,7,cloudflare,,,28/09/2026 04:01
ea87918c-31cc-4867-ae17-d6b8a3542b7a,stygian.fashion,available,32.49,32.49,medium,low,7,namesilo,,,
e3cbc326-5484-4c44-8b98-ff40b33bcf8a,mau.fashion,premium,,,high,low,3,,,,02/10/2026 17:50
e991a946-bace-4e9d-9fec-24aa3d9c26fc,precocious.fashion,available,32.49,32.49,high,medium,10,namesilo,,,09/09/2026 01:16
c504dcc5-0901-40b0-8291-bb1a5f436bea,ashlar.fashion,available,32.49,32.49,high,low,6,namesilo,,,20/09/2026 13:55
3f428579-1383-4dca-bc63-635b89134a4e,munich.fashion,premium,2660,29.5,high,low,6,namesilo,,,30/09/2026 05:22
869cc551-dcd3-4200-8667-e961bb8795c0,gaia.fashion,premium,44,26.97,high,medium,4,dynadot,,,29/09/2026 18:59
11ff8d6c-231c-4b01-81cf-46fd737a0922,basilicata.fashion,available,32.49,32.49,medium,low,10,namesilo,,,22/09/2026 10:50
4ee05e7a-0e92-4059-8c5f-a69682266853,baksheesh.fashion,available,46.99,46.99,medium,low,9,name.com,,,21/09/2026 15:52
08424f18-6eea-42b9-9a24-bdf3733c3879,descent.fashion,available,32.49,32.49,high,low,7,namesilo,,,08/09/2026 13:07
78fb5f5a-47ea-436d-b5e5-cbd0732a2bff,allegiant.fashion,available,32.49,32.49,high,low,9,namesilo,,,
b8dd233e-e495-4711-ac95-452113be35f0,bev.fashion,premium,47.2,29.5,high,low,3,namesilo,,,30/09/2026 12:21
2f3b805d-37ca-4ed6-967f-62828069bdbd,acts.fashion,premium,41.6,26.08,high,low,4,spaceship,,,28/09/2026 18:10
5afee8e3-2967-450c-845b-a811c7c7583d,sophisticated.fashion,available,26.08,26.08,high,low,13,spaceship,,,01/10/2026 19:52
a8aabc52-8bed-44d3-8cb3-cc14050637f4,unreserved.fashion,available,33.98,45.98,medium,low,10,namecheap,,,12/09/2026 18:21
ac086b2c-5302-4b55-b7a7-4c09ae756f83,concentrate.fashion,available,32.49,32.49,high,low,11,namesilo,,,26/09/2026 00:53
04889fc4-c7d2-4207-a04f-7c2a80b53b0e,collaborate.fashion,available,26.97,26.97,high,low,11,dynadot,,,29/09/2026 20:56
f2e309cf-b809-4459-b9c5-707bae758a40,cultivated.fashion,available,32.49,32.49,high,low,10,namesilo,,,13/08/2026 10:14
bce14988-c621-4a12-be5a-1601e7f94c30,mckinnon.fashion,available,26.08,26.08,medium,low,8,spaceship,,,30/09/2026 05:39
27b7e9ec-d5da-4073-81aa-5050f323bf7b,vaccinated.fashion,available,32.49,32.49,high,low,10,namesilo,,,21/08/2026 21:34
ce58b4cd-9139-4457-ade8-4fa3cf80711c,hitherto.fashion,available,32.49,32.49,medium,low,8,namesilo,,,13/09/2026 21:48
5df11f4d-09ee-498f-9383-1143cfb07614,maximilian.fashion,available,32.49,32.49,high,low,10,namesilo,,,27/09/2026 07:16
48c8648a-b7c6-4165-b985-055c34f58b08,cavite.fashion,available,26.08,26.08,medium,low,6,spaceship,,,30/09/2026 22:11
056f5a81-ca3c-452f-a5f4-a1fded5869b9,foreman.fashion,available,32.49,32.49,high,low,7,namesilo,,,23/09/2026 00:59
59352bd1-2075-486d-89df-2de7830f94c0,groin.fashion,available,26.08,26.08,medium,low,5,spaceship,,,29/09/2026 18:05
0873d8f0-a7c0-4ac7-a8f6-97b8ab9cbb14,ballpoint.fashion,available,32.49,32.49,high,low,9,namesilo,,,21/09/2026 23:21
305b534f-62ff-4cf6-ae9b-caee9c360c25,landlocked.fashion,available,33.98,45.98,medium,low,10,namecheap,,,22/08/2026 19:26
204479d6-b6b6-46b4-9f27-0bd417e148e0,dolores.fashion,available,25.2,25.2,medium,low,7,cloudflare,,,28/09/2026 21:59
12bbd6c1-13d3-4968-82ff-e02e765057d1,favours.fashion,available,32.49,32.49,medium,low,7,namesilo,,,17/09/2026 23:24
9d8be61d-2f81-4956-af08-0cc89e0d9185,ascendency.fashion,available,32.49,32.49,high,low,10,namesilo,,,20/09/2026 13:06
6f3967d5-c40c-427d-b471-898f250dfe2e,drained.fashion,available,33.98,45.98,medium,low,7,namecheap,,,14/08/2026 18:17
9537122c-a237-4729-b962-e4c5d2727658,mildred.fashion,available,26.08,26.08,medium,low,7,spaceship,,,28/09/2026 12:04
80cbd22a-0ae1-4c4c-9d17-3c3c624335b6,pan.fashion,premium,1040,32.5,high,low,3,namecheap,,,29/09/2026 11:32
a225ef0e-c7b9-4d1a-a31f-7796b7bc9bcc,costs.fashion,available,33.98,45.98,high,low,5,namecheap,,,29/09/2026 11:44
e6a19412-3cfd-4cec-bfbb-0e020a79f9a1,offhand.fashion,available,33.98,45.98,medium,low,7,namecheap,,,
9b484f3d-8135-48a9-b0ed-ef33f7ced94e,polluting.fashion,available,32.49,32.49,medium,low,9,namesilo,,,03/10/2026 03:11
387e5c78-cc18-4e71-9291-ab7c83705c02,cryogenic.fashion,available,32.49,32.49,medium,low,9,namesilo,,,13/08/2026 09:35
89bce8ef-1b5a-4753-a5ab-20f1b8907953,rogers.fashion,available,26.97,26.97,high,low,6,dynadot,,,27/09/2026 12:11
1380b1e2-d781-47b4-bd6e-9fd42c4eb939,broderick.fashion,available,26.08,26.08,high,low,9,spaceship,,,29/09/2026 21:41
39da9605-4d76-4b3d-b264-9df325173165,comforting.fashion,available,32.49,32.49,high,low,10,namesilo,,,12/08/2026 03:43
a24d3eaf-d788-43d1-a4d5-3ac3c4580853,duties.fashion,available,25.2,25.2,medium,low,6,cloudflare,,,27/09/2026 22:05
9835b328-45ee-47ac-a655-40d71d2a76bf,joyner.fashion,available,26.08,26.08,high,low,6,spaceship,,,01/10/2026 23:33
592f67b2-5aaf-4902-84a7-84ca2a566407,overdrive.fashion,available,33.98,45.98,high,low,9,namecheap,,,03/10/2026 01:44
46eb0dfa-2d59-4bed-9394-01d0923cd5e2,interception.fashion,available,26.08,26.08,high,low,12,spaceship,,,01/10/2026 13:24
8d0faef2-29a0-4a9f-bcdd-0f2f8a01e1f5,continues.fashion,available,32.49,32.49,medium,low,9,namesilo,,,17/09/2026 13:29
ed1b4afe-7eed-4ec4-b32e-2b4ad6cb4304,idyllic.fashion,available,33.98,45.98,high,low,7,namecheap,,,21/08/2026 18:14
c01fed01-2294-489c-ad55-a9572f64326c,storming.fashion,available,32.49,32.49,medium,low,8,namesilo,,,02/10/2026 07:28
320e9f49-3b84-4ac8-bceb-80ef591f4e52,lithesome.fashion,available,32.49,32.49,medium,low,9,namesilo,,,24/08/2026 01:12
56307baf-82b0-4334-b683-b1030de67d51,sniffy.fashion,available,32.49,32.49,medium,low,6,namesilo,,,21/08/2026 01:27
d31fcc4e-b94b-44fb-97db-52e67fdde792,barbarian.fashion,available,32.49,32.49,medium,low,9,namesilo,,,08/08/2026 15:26
21e56b5d-00ff-407a-87ce-ac6610b2a43a,toes.fashion,premium,52,32.5,medium,low,4,namecheap,,,17/09/2026 01:11
6641b0e9-2828-4789-9007-41f60aed0137,dnc.fashion,premium,41.6,26.08,high,low,3,spaceship,,,02/10/2026 17:47
7261b685-fd4a-4822-ab68-62c22c1fae90,wiser.fashion,available,25.2,25.2,high,low,5,cloudflare,,,29/09/2026 23:16
6bca0c59-99a6-4fc1-af6d-756aa776b5cb,bryant.fashion,premium,47.2,29.5,high,low,6,namesilo,,,25/09/2026 17:45
ed270edc-c8ed-44a5-9fa3-2ee629c00c0a,elective.fashion,available,32.49,32.49,high,low,8,namesilo,,,16/08/2026 02:33
594b21d8-3852-4dbf-bbd5-072e305f211d,severely.fashion,available,26.97,26.97,medium,low,8,dynadot,,,28/09/2026 13:15
dc100ca9-9d68-4a93-a249-968d8886b47f,respectfully.fashion,available,26.08,26.08,high,low,12,spaceship,,,01/10/2026 18:21
ef3fa7bb-ed37-466b-9bfd-5e5ed0b1a258,embraces.fashion,available,33.98,45.98,medium,low,8,namecheap,,,02/10/2026 22:20
ce4abff1-a098-4fa7-b8a2-3ee7cda0ea45,soluble.fashion,available,32.49,32.49,medium,low,7,namesilo,,,10/09/2026 13:45
01235d58-452f-4802-a68e-c7e555bcfa29,bagley.fashion,available,26.26,26.26,medium,low,6,porkbun,,,29/09/2026 22:22
f2115761-fe26-4aa0-a807-f46fb30cb95d,roving.fashion,available,32.49,32.49,high,low,6,namesilo,,,25/08/2026 02:22
8b5e53e3-2d26-4d60-ac07-06599a0e38bb,tenuous.fashion,available,32.49,32.49,medium,low,7,namesilo,,,11/09/2026 11:41
fd11c5e7-e144-43b5-a0f4-578400ee9b27,contaminated.fashion,available,32.49,32.49,medium,low,12,namesilo,,,01/10/2026 23:21
ada12987-2fea-4025-a55a-29a24f986781,govern.fashion,available,26.08,26.08,high,low,6,spaceship,,,29/09/2026 13:54
eb34fe4c-31a1-459a-9c07-f14d0fbe9301,abrocome.fashion,available,46.99,46.99,medium,low,8,name.com,,,16/09/2026 17:14
026ffd7a-98f2-49c8-999c-1abaf53a44b7,edie.fashion,available,25.2,25.2,medium,low,4,cloudflare,,,30/09/2026 22:02
ac44c841-1a9b-41cc-8b5a-6230eadac322,caesarea.fashion,available,26.26,26.26,medium,low,8,porkbun,,,30/09/2026 08:53
bfa5590e-ce97-4baf-b93b-f0ef66f24b79,spitting.fashion,available,26.08,26.08,medium,low,8,spaceship,,,29/09/2026 08:06
8dfe4fed-0d0c-4a64-b9bf-011e5e49703b,antique.fashion,available,32.49,32.49,high,low,7,namesilo,,,21/09/2026 22:23
a0b7b960-ea78-459f-98f6-dc2f6878a654,clot.fashion,available,32.49,32.49,medium,low,4,namesilo,,,12/08/2026 13:36
905183bb-b144-4af4-9763-b8597883df16,ella.fashion,premium,47.2,29.5,high,low,4,namesilo,,,25/09/2026 21:52
1be31ebb-ea6b-4a98-9e1a-fb32523edc38,graces.fashion,available,26.97,26.97,high,low,6,dynadot,,,02/10/2026 21:53
6837e111-1a6a-42f3-a546-1497c9e37947,almond.fashion,available,26.08,26.08,high,low,6,spaceship,,,28/09/2026 20:40
2b5e0742-32f7-4d59-9e83-e45d0ed3714e,bath.fashion,premium,414.2,26.08,high,low,4,spaceship,,,29/09/2026 01:30
588a0482-0fe3-48d4-afee-7006d9d06e4f,flamboyant.fashion,available,33.98,45.98,high,low,10,namecheap,,,22/09/2026 12:57
23116756-44fb-41d5-83be-ee91ce1855c6,heuristic.fashion,available,32.49,32.49,high,low,9,namesilo,,,21/08/2026 07:34
4ae2e463-8ae6-4746-8b25-db137600665e,diluted.fashion,available,32.49,32.49,medium,low,7,namesilo,,,14/08/2026 07:45
92ef99eb-7c0e-4351-844f-ea621f7f188f,bennett.fashion,premium,47.2,29.5,high,low,7,namesilo,,,23/09/2026 08:31
f2c48e4e-5a4e-4069-849e-6a376eb52ae3,dressing.fashion,premium,260,32.5,high,low,8,namecheap,,,22/09/2026 00:55
8a92cc42-d57b-4fbe-9550-abe94bba88b2,surprises.fashion,available,32.49,32.49,medium,low,9,namesilo,,,20/09/2026 10:56
017f8090-e81b-4e8f-abf6-bf6556cf1c3d,figurative.fashion,available,32.49,32.49,medium,low,10,namesilo,,,19/09/2026 14:22
74cc1440-a366-472c-af43-6da0394a8c97,aquitania.fashion,available,33.98,45.98,medium,low,9,namecheap,,,19/09/2026 23:18
20e6ef7e-afd7-4385-be1d-1e2c90f39435,mabel.fashion,premium,47.2,29.5,high,low,5,namesilo,,,25/09/2026 13:35
bf6a3c75-7738-457c-a968-f458450cea16,ahorse.fashion,available,33.98,45.98,medium,low,6,namecheap,,,
142b4cb4-67ce-42f5-9d89-9bdb45270b34,burleigh.fashion,available,32.49,32.49,medium,low,8,namesilo,,,30/09/2026 13:50
09f72dca-3335-44a1-9a32-31702ea51b75,prolong.fashion,available,26.08,26.08,high,low,7,spaceship,,,30/09/2026 19:12
c5b1630d-55c4-4fd3-9831-127457b548dc,hydroxy.fashion,available,32.49,32.49,medium,low,7,namesilo,,,21/08/2026 16:25
82a9dbba-7614-4a4d-914a-afe56860854c,generalist.fashion,available,26.08,26.08,high,low,10,spaceship,,,02/10/2026 15:27
260dec89-52ca-4bb0-819a-6dfc26e2b25a,strangers.fashion,available,32.49,32.49,medium,low,9,namesilo,,,
523296ab-8e15-49dd-95ba-557c9c128108,airliner.fashion,available,32.49,32.49,high,low,8,namesilo,,,17/09/2026 23:14
12355642-8622-4aa3-9170-971cef71d4e4,mustard.fashion,available,26.08,26.08,high,low,7,spaceship,,,28/09/2026 06:28
dae893b9-bec5-4e34-aa97-e0caa5f3945e,bluster.fashion,available,32.49,32.49,medium,low,7,namesilo,,,11/08/2026 01:07
8384bd00-0139-423d-85a9-3fc7e3355b4d,wastewater.fashion,available,32.49,32.49,medium,low,10,namesilo,,,15/08/2026 15:34
d3d2fa6c-5483-4e51-80db-876be1e207bb,broadside.fashion,available,32.49,32.49,high,low,9,namesilo,,,11/08/2026 05:04
0135f114-a7db-4b95-b6fa-6e543330e1cf,luisa.fashion,available,26.08,26.08,medium,low,5,spaceship,,,29/09/2026 05:31
9ebf6872-63fe-4cb8-a270-aff27617ad94,salamanca.fashion,available,32.49,32.49,medium,low,9,namesilo,,,28/09/2026 16:27
74fac87e-7207-4c57-880b-f67f41b14de2,sanford.fashion,available,32.49,32.49,medium,low,7,namesilo,,,25/09/2026 16:16
79ee1cec-5ee0-460b-a041-1a82e3968672,asch.fashion,available,32.49,32.49,high,low,4,namesilo,,,20/09/2026 13:15
6193f9e6-cde7-4124-b76a-13c19b9a282e,awing.fashion,available,32.49,32.49,medium,low,5,namesilo,,,08/08/2026 00:34
7c338fba-2137-4378-b840-9bc7199ecd0f,clowns.fashion,available,26.08,26.08,medium,low,6,spaceship,,,30/09/2026 07:41
f4dc6fff-fece-46d7-8d44-e237883d7553,diurnal.fashion,available,32.49,32.49,medium,low,7,namesilo,,,14/08/2026 13:34
9094148b-4eaf-4354-b6db-dd29f880eaa0,colorado.fashion,premium,104,32.5,high,low,8,namecheap,,,24/09/2026 13:30
77b47d38-014c-4913-888e-7a935de9c72c,godard.fashion,available,26.08,26.08,medium,low,6,spaceship,,,01/10/2026 19:49
da735b30-621a-4384-909e-275555ab4543,illegitimate.fashion,available,25.2,25.2,medium,low,12,cloudflare,,,30/09/2026 03:36
234eaf36-370c-4fa7-bef8-ee8e161d7dc7,convene.fashion,available,25.2,25.2,high,low,7,cloudflare,,,30/09/2026 17:58
f6fb923e-ce94-4804-aa35-10367d7c4edb,ablaut.fashion,available,32.49,32.49,medium,low,6,namesilo,,,16/09/2026 16:06
3d30ea73-6ef5-45c2-bf12-a6ea66d8ef1c,uxorious.fashion,available,32.49,32.49,medium,low,8,namesilo,,,13/09/2026 00:33
03cace3c-6896-4e74-a5f1-9d400183eccb,tempted.fashion,available,32.49,32.49,medium,low,7,namesilo,,,29/09/2026 16:59
3cb0840c-092f-453a-941c-8b650e1b69a2,connectors.fashion,available,32.49,32.49,medium,low,10,namesilo,,,28/09/2026 05:16
cfaa32d5-3edd-4f70-bba2-3e233c73f91e,lotto.fashion,available,33.98,45.98,high,low,5,namecheap,,,22/09/2026 20:35
81a206a8-e726-4ab3-9e67-b09d1f15ad90,sidewalks.fashion,available,32.49,32.49,medium,low,9,namesilo,,,21/09/2026 06:21
1a5a2605-c074-481d-8780-13c0264b8660,toaster.fashion,available,26.08,26.08,high,low,7,spaceship,,,01/10/2026 21:56
9902ec34-24b7-4320-a4c8-d203dd2e4154,royal.fashion,premium,854,29.5,high,high,5,namesilo,,,09/09/2026 12:48
1e8ec6de-51ae-43b7-b5b8-aedad17a8f61,airbus.fashion,available,32.49,32.49,high,medium,6,namesilo,,,17/09/2026 23:02
d8e8122b-9ded-4df9-bbf0-0ef0129cf4a3,spend.fashion,premium,87.86,27.82,high,low,5,porkbun,,,30/09/2026 21:29
7f47c601-ef57-43d3-abd7-773e21a66e57,dundalk.fashion,available,26.08,26.08,medium,low,7,spaceship,,,02/10/2026 20:51
fbb72320-767e-44a1-b55a-e1fa24d94817,plattensee.fashion,available,33.98,45.98,medium,low,10,namecheap,,,21/09/2026 21:22
bdd73195-6333-4530-8435-d68fe921efd1,has.fashion,premium,242,29.5,high,low,3,namesilo,,,
f0c86192-8068-4e04-9869-91b417f8008c,fascination.fashion,available,25.2,25.2,high,low,11,cloudflare,,,29/09/2026 16:24
c729bb4c-ebe6-4a4d-825f-1362e379eac2,atop.fashion,premium,47.2,29.5,medium,low,4,namesilo,,,28/09/2026 13:10
9394ba38-e4aa-4f0a-b686-f691249e5188,similarities.fashion,available,33.98,45.98,medium,low,12,namecheap,,,30/09/2026 06:01
f1d83e36-8feb-4e28-91ef-863953e7426d,rousseau.fashion,available,26.08,26.08,high,low,8,spaceship,,,01/10/2026 02:29
d2a8a7f2-b914-44c5-a038-e6a927716b11,glued.fashion,available,32.49,32.49,high,low,5,namesilo,,,20/08/2026 15:12
67826d4f-0546-4dbc-8960-742e3c0f8419,mchenry.fashion,available,32.49,32.49,medium,low,7,namesilo,,,29/09/2026 10:55
ca5ca7b8-5df1-4f7c-a8c3-9923e40c408a,vivien.fashion,available,26.97,26.97,high,low,6,dynadot,,,02/10/2026 08:54
981c1227-58c9-4358-8cf1-429fe5404c51,dazed.fashion,available,46.99,46.99,medium,low,5,name.com,,,13/08/2026 18:53
a56f4866-c5d3-4e42-a594-2f8213117229,brook.fashion,premium,47.2,29.5,high,low,5,namesilo,,,29/09/2026 04:32
ac852377-e84f-44a8-9202-19ba41462a9c,kamal.fashion,premium,41.6,26.08,medium,low,5,spaceship,,,29/09/2026 03:26
e858c209-83c1-4c68-b030-1a216ed17663,kinshasa.fashion,available,32.49,32.49,high,low,8,namesilo,,,01/10/2026 02:48
e5f7a8e2-44e8-4cfd-afdf-6c248f36eccd,renard.fashion,available,26.08,26.08,high,low,6,spaceship,,,02/10/2026 10:18
b46b8363-2ac3-4096-823c-10c41fc0dbad,aichi.fashion,premium,104,32.5,medium,low,5,namecheap,,,01/10/2026 08:46
882bac60-301a-42d4-9a91-1d766541b7f2,decorating.fashion,available,25.2,25.2,high,low,10,cloudflare,,,30/09/2026 04:09
38ee46f6-b8e7-4c41-849f-bd413968d6ac,hornet.fashion,available,26.08,26.08,high,low,6,spaceship,,,30/09/2026 10:10
2247ce9b-4f15-4cfd-8f06-a82fe049421b,basis.fashion,available,26.08,26.08,high,low,5,spaceship,,,29/09/2026 01:24
4dd0ac9f-3247-4129-91a6-d32c55f6e341,largely.fashion,available,32.49,32.49,medium,low,7,namesilo,,,28/09/2026 14:55
24181a98-ffbd-4fb0-9074-d9c619683050,unspent.fashion,available,32.49,32.49,medium,low,7,namesilo,,,12/09/2026 09:36
0469bd3f-48fd-4f2b-a16f-6852a2e16873,reduce.fashion,available,33.98,45.98,high,low,6,namecheap,,,24/09/2026 08:28
5489a479-3128-4ba9-99d8-a0313a63c3d1,gainly.fashion,available,32.49,32.49,high,low,6,namesilo,,,18/08/2026 19:33
51b65186-4599-43d1-b465-cb6125e1d8f1,extensile.fashion,available,33.98,45.98,medium,low,9,namecheap,,,17/08/2026 19:01
8ef37814-f594-45ae-b367-2b284352687a,allegoric.fashion,available,32.49,32.49,medium,low,9,namesilo,,,
84ad4889-5010-4694-a526-394f475f7be4,slept.fashion,available,32.49,32.49,medium,low,5,namesilo,,,
a06f9034-58f0-4fd9-902e-4e5929b90cfd,milksop.fashion,available,32.49,32.49,medium,low,7,namesilo,,,10/09/2026 08:50
3e10ec3f-0ba0-46ce-a0a7-19e6b089a478,dion.fashion,premium,41.6,26.08,medium,low,4,spaceship,,,28/09/2026 09:08
99577501-37b8-4820-86b8-a7d36831d1c4,baptisia.fashion,available,32.49,32.49,medium,low,8,namesilo,,,22/09/2026 03:24
1419d136-c9f5-45d4-8b25-b4bcffc5ddca,theban.fashion,available,32.49,32.49,medium,low,6,namesilo,,,11/09/2026 12:35
168ce5a7-e17d-4de0-af28-b87997ef1346,refusing.fashion,available,32.49,32.49,low,low,8,namesilo,,,17/09/2026 15:40
ebc17366-40db-43c4-b9d9-046d36e5d97a,economies.fashion,available,32.49,32.49,medium,low,9,namesilo,,,02/10/2026 03:52
76209c48-8f61-4cbf-8bce-ff4228912be4,misplaced.fashion,available,32.49,32.49,medium,low,9,namesilo,,,25/08/2026 01:32
c4c5d2d1-bc35-43db-913d-3e7dbc2f2eae,childers.fashion,available,33.98,45.98,medium,low,8,namecheap,,,30/09/2026 13:42
33878ba6-d324-474f-a9f7-7790d38c7133,city.fashion,premium,4140.2,26.08,high,medium,4,spaceship,,,29/09/2026 09:34
af7f0af8-2f3b-4698-8055-cdf4cb20fb67,filmable.fashion,available,32.49,32.49,medium,low,8,namesilo,,,18/08/2026 04:23
ab54bdbd-4ee5-4520-b6ba-847387b569b9,mosby.fashion,available,25.2,25.2,medium,low,5,cloudflare,,,30/09/2026 05:30
56351875-74e1-407f-bfd9-19784e0c56c6,lawyers.fashion,available,33.98,45.98,medium,low,7,namecheap,,,25/09/2026 20:58
8545953b-f2fe-4538-9bf9-a793489a0210,medic.fashion,available,26.97,26.97,high,low,5,dynadot,,,29/09/2026 19:38
5cbc5c4c-bd38-4d22-a585-24a4be82ac60,manner.fashion,available,32.49,32.49,high,low,6,namesilo,,,28/09/2026 16:42
418ed078-af36-4729-9b82-17969a35e9e7,elephant.fashion,available,32.49,32.49,high,low,8,namesilo,,,25/09/2026 22:36
619a90c4-9caa-45ee-bb11-2a22088bdff3,crossover.fashion,premium,96,29.5,high,low,9,namesilo,,,30/09/2026 09:18
6606ab4d-6409-4351-be90-f691f1296e94,beecher.fashion,available,32.49,32.49,medium,low,7,namesilo,,,23/09/2026 00:12
05c89952-eeb2-4e6a-9948-92e70c5c6fcb,activists.fashion,available,25.2,25.2,medium,low,9,cloudflare,,,02/10/2026 21:52
07836a33-cf42-4baf-90e3-137ad1b6bec7,persepolis.fashion,available,32.49,32.49,medium,low,10,namesilo,,,02/10/2026 06:04
bea28efa-d930-4104-9ab3-5902fd9cadd3,labial.fashion,available,32.49,32.49,medium,low,6,namesilo,,,22/08/2026 17:19
007a1dc1-50c4-48ea-ae4a-cd98969fc31c,dreadful.fashion,available,32.49,32.49,high,low,8,namesilo,,,22/09/2026 15:15
f0faf677-6b01-4365-8354-ebb1c6e15516,theoretically.fashion,available,26.08,26.08,low,low,13,spaceship,,,28/09/2026 17:35
69a1d4a7-c95a-4cfd-b3ee-c10f0ef0c069,norden.fashion,available,32.49,32.49,high,low,6,namesilo,,,02/10/2026 07:06
e5ac5f3b-d733-42f0-8661-499fa53eab9f,suicide.fashion,available,46.99,46.99,high,low,7,name.com,,,25/09/2026 05:57
0ebad96b-e455-448a-8781-60872b9922fc,carmelite.fashion,available,33.98,45.98,medium,low,9,namecheap,,,11/08/2026 19:22
cd3b057f-5682-4b70-9919-e3160bdef991,circuitous.fashion,available,32.49,32.49,medium,low,10,namesilo,,,12/08/2026 08:18
2c5e5556-dc8c-4922-ab5f-7ca7b5b0092e,ramirez.fashion,premium,47.2,29.5,medium,low,7,namesilo,,,28/09/2026 08:04
8a18fb28-80a3-4adc-9899-5f2aa356e982,cooker.fashion,available,33.98,45.98,high,low,6,namecheap,,,24/09/2026 18:03
2070eb76-0094-496b-ac06-42c3aaee4efa,snowbound.fashion,available,32.49,32.49,high,medium,9,namesilo,,,10/09/2026 12:46
21344252-b093-4d4e-bc53-735e062da11f,downside.fashion,available,32.49,32.49,medium,low,8,namesilo,,,24/09/2026 23:40
f2d75cdc-4e44-4b8c-97d3-2766c72c41ad,shavian.fashion,available,32.49,32.49,high,medium,7,namesilo,,,10/09/2026 06:09
20b84212-84bf-4d91-b13f-d74c02b7b6c4,promoter.fashion,available,32.49,32.49,high,low,8,namesilo,,,29/09/2026 23:36
e053e41b-f614-45ca-82d6-f16a2e552af0,elsass.fashion,available,32.49,32.49,medium,low,6,namesilo,,,18/09/2026 14:17
8ee6e659-5c47-4a60-b197-566708057fb6,hated.fashion,available,32.49,32.49,medium,low,5,namesilo,,,14/08/2026 04:14
25b0180e-13e9-46f9-b31c-4ffb0398a426,hindus.fashion,available,26.26,26.26,medium,low,6,porkbun,,,02/10/2026 23:10
61d04fa7-64d4-4f56-af17-98791fe5c6db,lingo.fashion,available,32.49,32.49,medium,low,5,namesilo,,,13/09/2026 04:12
9fcf6ae4-e212-44dd-b1a1-5dffbfea5693,nwa.fashion,premium,41.6,26.08,high,low,3,spaceship,,,30/09/2026 04:42
fb6e2ca0-594c-47b5-99fb-30c9c3879f31,chinch.fashion,available,32.49,32.49,medium,low,6,namesilo,,,22/09/2026 22:46
964f653b-991f-4195-8466-b4cef80773c0,defraud.fashion,available,32.49,32.49,medium,low,7,namesilo,,,14/09/2026 08:02
4542100b-e8e5-48ba-8ab0-f4fc6cb34632,concentrated.fashion,available,32.49,32.49,high,low,12,namesilo,,,01/10/2026 09:43
e0a4608e-335c-4707-93da-09191b48def2,unblessed.fashion,available,32.49,32.49,medium,low,9,namesilo,,,12/09/2026 02:14
374a558b-2a69-4221-8569-a44114df01dc,annotation.fashion,available,33.98,45.98,high,low,10,namecheap,,,19/09/2026 10:38
d5a45d18-4d84-4efb-83b2-3db2b96915e7,kite.fashion,premium,52,32.5,high,low,4,namecheap,,,29/09/2026 13:15
ad5eaf64-80c3-4eff-bbc2-f0a93a356805,distances.fashion,available,25.2,25.2,low,low,9,cloudflare,,,30/09/2026 15:36
5fc4931f-c7bf-4197-b272-801d0ff00dee,fictional.fashion,available,33.98,45.98,high,low,9,namecheap,,,17/08/2026 20:18
33000789-21fb-4e01-a077-5dd0c0e10b5a,gardiner.fashion,available,32.49,32.49,high,low,8,namesilo,,,25/09/2026 06:17
d6f8f6c7-3bda-4b9c-b387-4e93a7c064db,hardship.fashion,available,32.49,32.49,high,low,8,namesilo,,,17/09/2026 10:51
658066e8-52de-432a-b2c4-7b51ca51d36b,adjutant.fashion,available,32.49,32.49,high,low,8,namesilo,,,17/09/2026 08:35
a513c0bb-5d21-41bf-95d3-dc0765d4fcb6,hopeful.fashion,available,32.49,32.49,high,low,7,namesilo,,,22/09/2026 09:48
05dac0d8-384e-4c78-bfda-89c8759297a3,bivalent.fashion,available,32.49,32.49,high,low,8,namesilo,,,10/08/2026 08:58
492552d7-e68f-4224-8b8a-3587f4487bf4,hubbard.fashion,available,32.49,32.49,high,low,7,namesilo,,,25/09/2026 07:34
dec5d77f-8ee8-49c2-9a74-21bfe7c5cac6,posted.fashion,available,32.49,32.49,high,low,6,namesilo,,,09/09/2026 00:21
fa2d9a25-60dd-4db6-ba73-bf258e0471e1,assessing.fashion,available,32.49,32.49,high,low,9,namesilo,,,02/10/2026 02:39
af4ba8a5-e58d-4189-b3a2-581845bbdc81,what.fashion,premium,47.2,29.5,high,medium,4,namesilo,,,30/09/2026 22:04
4cbf81d5-1817-4000-a878-8df35d6625a3,placing.fashion,available,33.98,45.98,medium,low,7,namecheap,,,28/09/2026 21:04
1562b7aa-3ecc-480b-9086-41dfd255bf62,utes.fashion,premium,41.6,26.08,medium,low,4,spaceship,,,30/09/2026 07:10
73a18597-3a7e-442c-b30e-27c7cd17b18b,twelve.fashion,premium,52,32.5,high,low,6,namecheap,,,21/09/2026 11:23
d08e947f-1370-4335-8573-314558cab8dc,decorated.fashion,available,32.49,32.49,high,low,9,namesilo,,,21/09/2026 19:45
3802487f-9862-48fd-a7e4-56562a1f0f21,inhabitants.fashion,available,26.08,26.08,medium,low,11,spaceship,,,29/09/2026 23:30
578a0463-508c-4da3-8e2c-6a6d3f6b6d96,wasp.fashion,premium,,,high,low,4,,,,29/09/2026 14:06
93f81248-6bc5-4999-864e-2785d0a11241,ignoring.fashion,available,26.08,26.08,medium,low,8,spaceship,,,28/09/2026 11:32
bd17ea18-f5b8-4d25-8f9b-68271de5bd03,rimless.fashion,available,32.49,32.49,medium,low,7,namesilo,,,09/09/2026 17:43
42ab8add-b26d-4e15-a652-083542aeebea,amaze.fashion,available,32.49,32.49,high,low,5,namesilo,,,21/09/2026 17:36
f700af78-a6dd-4a16-89c1-0dd7570b31c4,grasshopper.fashion,available,32.49,32.49,high,low,11,namesilo,,,30/09/2026 11:34
6d70dc58-41b2-4f31-b953-248867106d8e,acrylic.fashion,available,32.49,32.49,high,low,7,namesilo,,,17/09/2026 04:05
05b6197c-2b5d-4e1b-8dc7-5130f2ab4524,simpleness.fashion,available,46.99,46.99,medium,low,10,name.com,,,24/09/2026 13:51
7e457179-03fa-4701-ba04-e5cf0638b5f2,becker.fashion,premium,207.2,26.08,high,low,6,spaceship,,,29/09/2026 03:35
40aeb692-4eec-4bb9-819e-10acc9eda131,coax.fashion,premium,96,29.5,high,low,4,namesilo,,,24/09/2026 04:12
75c5ddce-9c8c-4f01-8152-dba026c4fd98,fanned.fashion,available,32.49,32.49,medium,low,6,namesilo,,,17/08/2026 22:09
2414857a-4660-4e72-a9e0-13f0b62698db,josephson.fashion,available,32.49,32.49,medium,low,9,namesilo,,,02/10/2026 01:45
d37b69cf-517f-47e0-b829-5f110264526f,verna.fashion,premium,44,26.97,medium,low,5,dynadot,,,02/10/2026 19:52
1a57de75-b0c7-4fc4-bd97-ec32d2393620,microscope.fashion,available,26.08,26.08,high,low,10,spaceship,,,28/09/2026 19:53
3ea575c1-fd02-4d79-b360-ebb5b0b9d3b0,advising.fashion,available,26.26,26.26,high,low,8,porkbun,,,29/09/2026 20:50
a64776e0-2dc2-4a53-aae6-cc67a603ccb2,aimed.fashion,available,26.08,26.08,high,low,5,spaceship,,,29/09/2026 10:43
af183f52-6b7f-4683-a0b3-7978ed53a18b,resonance.fashion,available,26.08,26.08,high,medium,9,spaceship,,,01/10/2026 21:17
f1851a92-b82e-4912-a472-1e1cd56fafe6,woodville.fashion,available,25.2,25.2,medium,low,9,cloudflare,,,30/09/2026 22:08
14a062e6-3667-4bb0-9871-62cd00d47b86,oxalis.fashion,available,32.49,32.49,medium,low,6,namesilo,,,10/09/2026 14:35
dbaf2a38-7408-4e12-8e63-60e86b528670,exhibition.fashion,premium,87.86,27.82,high,low,10,porkbun,,,29/09/2026 18:34
fe84d59e-1113-41ae-93a7-59c03f90484c,breathed.fashion,available,32.49,32.49,medium,low,8,namesilo,,,11/08/2026 03:16
aee381d3-e984-4300-92ee-10b6bd1e73cc,autochthon.fashion,available,33.98,45.98,medium,low,10,namecheap,,,21/09/2026 06:02
5bd7498a-da2d-405e-8330-96b9aca967db,myotonic.fashion,available,32.49,32.49,medium,low,8,namesilo,,,03/09/2026 12:15
4e2a4c6e-67ca-4fcd-a028-8ec46164b55f,dangerous.fashion,available,46.99,46.99,medium,low,9,name.com,,,13/08/2026 17:15
f23fd01d-60f0-4d51-996a-7b3928d16e76,laughable.fashion,available,32.49,32.49,high,low,9,namesilo,,,23/09/2026 15:25
9a380951-dc32-4de8-b58a-91aa10994419,stranger.fashion,available,26.08,26.08,high,low,8,spaceship,,,30/09/2026 12:11
3d82629b-5df6-475a-9cc9-31d55855e100,forgive.fashion,available,26.08,26.08,high,low,7,spaceship,,,30/09/2026 19:56
eaac9b71-0d11-4b4f-8247-020825e222e2,scalic.fashion,available,32.49,32.49,medium,low,6,namesilo,,,09/09/2026 22:27
5e497ea0-9fca-477c-9dec-ab285eb02241,cls.fashion,premium,41.6,26.08,high,low,3,spaceship,,,30/09/2026 21:33
3457fb62-d046-4f00-90cd-9a40b4e029f6,siding.fashion,available,26.26,26.26,high,low,6,porkbun,,,29/09/2026 20:06
5ce4d304-6384-41ae-840e-7ab3f0c4e40b,sheathed.fashion,available,32.49,32.49,high,medium,8,namesilo,,,10/09/2026 06:12
3ce1ef83-f93b-46e0-8a08-5b62de8df445,affairs.fashion,available,32.49,32.49,high,low,7,namesilo,,,17/09/2026 14:09
fb9da20a-bc9e-453c-abee-537ae3752696,dogsledding.fashion,available,32.49,32.49,medium,low,11,namesilo,,,20/09/2026 01:02
d3fa19ac-7c8a-45f3-a1a8-70f033c6e944,lexical.fashion,available,32.49,32.49,medium,low,7,namesilo,,,23/08/2026 00:42
70a74e83-8ce4-4d3f-997f-5a505b00ac6f,inept.fashion,available,33.98,45.98,medium,low,5,namecheap,,,21/08/2026 18:53
188e9f0d-e5cd-4ddc-9554-c795f8560153,reel.fashion,premium,52,32.5,high,low,4,namecheap,,,24/09/2026 06:24
4d8dd300-2411-43af-a40c-eadab2dfa63c,revengeful.fashion,available,32.49,32.49,medium,low,10,namesilo,,,09/09/2026 16:00
04bdb317-fdfe-4c2a-8af2-26d0b4a5b6ed,physician.fashion,available,32.49,32.49,high,low,9,namesilo,,,24/09/2026 23:20
42ae560a-74db-4a0c-87b0-76a68d467a20,arising.fashion,available,26.08,26.08,high,low,7,spaceship,,,02/10/2026 17:55
dc834a18-42a4-472b-9387-aaefb1ad0731,shame.fashion,available,25.2,25.2,high,low,5,cloudflare,,,29/09/2026 15:43
42fc6dae-3c73-4bea-b879-f6306d3cc092,scratched.fashion,available,32.49,32.49,medium,low,9,namesilo,,,01/10/2026 18:37
98065a11-14ff-4a73-9478-dc963833debb,chairperson.fashion,available,32.49,32.49,high,low,11,namesilo,,,
e1ee46a7-d184-480a-9ee7-87960d1a427a,sugarless.fashion,available,32.49,32.49,medium,low,9,namesilo,,,19/09/2026 15:11
5684aba3-6ab5-434f-b65a-7882993a4d41,breakfasts.fashion,available,33.98,45.98,medium,low,10,namecheap,,,20/09/2026 13:21
52173e95-ca3f-4527-b541-d735e8849eba,executioner.fashion,available,32.49,32.49,medium,low,11,namesilo,,,01/10/2026 04:38
2dea245e-ed44-48bc-9f2f-df4bf0bdd110,tapped.fashion,available,32.49,32.49,high,low,6,namesilo,,,11/09/2026 08:19
fff1ef04-08cc-460f-aa87-bfff392927be,versed.fashion,available,32.49,32.49,high,low,6,namesilo,,,13/09/2026 04:29
d4f1f7f7-7913-4ec1-bcde-6b0752fcddef,poetical.fashion,available,32.49,32.49,high,low,8,namesilo,,,08/09/2026 22:34
12662684-b914-4bfe-b49f-fec7f786ab8a,bedfordshire.fashion,available,26.08,26.08,medium,low,12,spaceship,,,30/09/2026 12:54
e11792a7-80d5-492c-a480-6047f53f04a5,chambered.fashion,available,32.49,32.49,medium,low,9,namesilo,,,12/08/2026 01:34
8cca0f45-49b0-4fb7-8444-45f47c9ac454,barbet.fashion,available,33.98,45.98,medium,low,6,namecheap,,,22/09/2026 04:53
2579114c-7c44-42e7-875d-ef9c94c5f16c,rehearse.fashion,available,32.49,32.49,high,low,8,namesilo,,,01/10/2026 04:23
cddf9ce5-f150-43cb-8238-c78bb24f96e5,remodel.fashion,available,25.2,25.2,high,low,7,cloudflare,,,02/10/2026 06:46
af7e0531-d5cd-4af0-bf23-fcd28a01ac92,desktop.fashion,premium,96,29.5,high,low,7,namesilo,,,29/09/2026 14:08
c884c08f-48aa-4df3-ad33-1e8bd9b84680,detained.fashion,available,32.49,32.49,low,low,8,namesilo,,,29/09/2026 05:25
a117acfe-2a73-42dd-bf61-2fdf57ff37bf,hiding.fashion,available,32.49,32.49,high,low,6,namesilo,,,08/09/2026 11:45
9d3a43b9-a222-4cf8-b34e-b85391c67117,disunite.fashion,available,32.49,32.49,medium,low,8,namesilo,,,14/08/2026 11:14
e72916c3-721a-424b-a478-ade226f81f54,hahn.fashion,available,32.49,32.49,high,low,4,namesilo,,,27/09/2026 04:20
1fc61754-d1a9-49e4-b43c-3924382f04b3,morphine.fashion,available,26.08,26.08,medium,low,8,spaceship,,,28/09/2026 10:27
cda4d469-d255-4b4a-8534-b49267d80b60,gazette.fashion,available,1.99,49.99,high,low,7,godaddy,,,30/09/2026 01:42
28ec634b-11bd-4c67-9bca-a0c363b3c0c8,demotic.fashion,available,32.49,32.49,medium,low,7,namesilo,,,14/08/2026 01:35
dffc91e7-defa-4280-a806-65511247c5a8,weakness.fashion,available,33.98,45.98,medium,low,8,namecheap,,,17/08/2026 20:45
3f2e8df1-f2b5-4894-9d7d-e5a5e7741941,mattresses.fashion,available,33.98,45.98,medium,low,10,namecheap,,,20/09/2026 14:45
be5ae7b3-0b15-4d72-b03f-eb4de6819796,cheekbone.fashion,available,32.49,32.49,high,low,9,namesilo,,,13/09/2026 15:41
12a050fe-1241-459d-841c-e345fcce39f1,sprayer.fashion,available,32.49,32.49,high,low,7,namesilo,,,21/09/2026 00:21
cd0291c6-6bfb-4bc0-a634-b86bb76a6817,stocks.fashion,available,26.26,26.26,high,low,6,porkbun,,,28/09/2026 06:47
304f03e3-3140-4d34-b2a2-120e87d96cd1,prison.fashion,available,32.49,32.49,high,low,6,namesilo,,,30/09/2026 07:26
a3bc13c3-3fc2-4f30-9f91-4be3fe20ac52,populations.fashion,available,33.98,45.98,medium,low,11,namecheap,,,18/09/2026 17:58
92256529-2e72-40bd-84b9-095a6c0913ad,sanjay.fashion,available,26.08,26.08,high,low,6,spaceship,,,01/10/2026 16:51
e4f2a2a2-c00a-4528-bee1-0d4c67bb6ab4,till.fashion,premium,512,29.5,high,low,4,namesilo,,,28/09/2026 05:18
9ac2b7e7-82d6-4b56-ac55-aa7eda13bafb,veil.fashion,premium,47.2,29.5,high,low,4,namesilo,,,29/09/2026 06:45
d978229a-a441-4afe-b0df-f6adc3f96cdd,liked.fashion,available,32.49,32.49,high,low,5,namesilo,,,25/09/2026 13:43
d26de5a4-1250-4285-ad56-2bb19a1e744a,standing.fashion,available,26.97,26.97,high,low,8,dynadot,,,28/09/2026 00:41
faac39ee-7354-4790-9cee-487253e09013,aphotic.fashion,available,32.49,32.49,medium,low,7,namesilo,,,05/08/2026 23:37
738facb0-0b96-4ed2-b139-229001679f4f,timber.fashion,available,33.98,45.98,high,low,6,namecheap,,,28/09/2026 19:46
2c688688-ec12-4466-81d5-4ae78bf0bd9c,repayment.fashion,available,26.08,26.08,high,low,9,spaceship,,,03/10/2026 01:54
bb732d55-57cd-411e-bf5b-3e7d75cc27a2,humbert.fashion,available,26.08,26.08,medium,low,7,spaceship,,,02/10/2026 00:25
8e4c6e88-7e26-4127-9d3c-50077e487314,remaining.fashion,available,32.49,32.49,high,low,9,namesilo,,,22/08/2026 22:43
ac16bd03-fb66-4573-9cd5-a8faa6e16705,dislocated.fashion,available,32.49,32.49,medium,low,10,namesilo,,,14/08/2026 11:31
c2ecaed8-6716-4584-b948-159a292a66d9,syed.fashion,premium,41.6,26.08,high,low,4,spaceship,,,02/10/2026 18:57
442eb8f9-1df1-485e-802f-e5922c0da576,gautama.fashion,available,32.49,32.49,medium,low,7,namesilo,,,02/10/2026 14:29
319d1cb1-63c4-4a02-8323-eeae2e471c34,profiles.fashion,available,32.49,32.49,high,low,8,namesilo,,,30/09/2026 15:45
0a25d1aa-915c-473d-89df-47d97357878f,maximum.fashion,premium,1040,32.5,high,low,7,namecheap,,,25/09/2026 18:14
f127fbd9-e815-4fb7-adcd-7ecff750f545,peasants.fashion,available,26.08,26.08,low,low,8,spaceship,,,28/09/2026 23:24
a88f5cab-8f00-47c0-b6a5-2d2f3b880a7d,weinstein.fashion,available,26.26,26.26,high,low,9,porkbun,,,28/09/2026 07:31
7fee114d-b58b-48f0-aad3-30145cb3d414,walters.fashion,premium,96,29.5,medium,low,7,namesilo,,,25/09/2026 15:56
5304b5dd-27ab-4741-88dc-29b7866ed97d,flatbottom.fashion,available,32.49,32.49,medium,low,10,namesilo,,,18/08/2026 06:51
12d263d2-1a7b-498b-aa3c-146f7045c0c2,acyl.fashion,premium,47.2,29.5,medium,low,4,namesilo,,,17/09/2026 05:49
ae6deaf5-d0f1-428d-ac4d-bc54e1fa798c,ion.fashion,premium,,,high,low,3,,,,02/10/2026 05:25
629cd07d-9dae-4785-a25f-62480bad787c,shute.fashion,available,26.08,26.08,medium,low,5,spaceship,,,02/10/2026 16:11
bb69ddb3-260b-46b3-af12-1fe3fcbf5efd,addams.fashion,available,25.2,25.2,medium,low,6,cloudflare,,,29/09/2026 23:22
2b9ee4f2-9e71-446f-8e33-d047ce1d6531,ameboid.fashion,available,32.49,32.49,medium,low,7,namesilo,,,
410f6ec4-0656-4785-bc02-8150d54628a8,differing.fashion,available,25.2,25.2,high,low,9,cloudflare,,,02/10/2026 18:04
414302fc-ca17-4f44-809f-bd8b1216454f,locations.fashion,available,26.97,26.97,medium,low,9,dynadot,,,28/09/2026 17:11
5964b9ce-9887-40ef-bd92-2f9d0824e376,braid.fashion,available,33.98,45.98,high,low,5,namecheap,,,24/09/2026 07:53
5eeb82cc-bb34-44c4-8f40-b58dbbd7435b,generators.fashion,available,26.08,26.08,medium,low,10,spaceship,,,02/10/2026 15:40
124e5f5e-3559-4c66-baee-7fb4aef21f1e,gregg.fashion,available,26.08,26.08,high,low,5,spaceship,,,02/10/2026 13:28
76b6e510-7090-4297-8087-2f288e6af98c,tel.fashion,premium,828.2,26.08,high,low,3,spaceship,,,01/10/2026 11:20
632cd0cf-edfd-43dc-b91d-5a802ac603cf,overdone.fashion,available,32.49,32.49,medium,low,8,namesilo,,,17/08/2026 15:34
24c5cfe4-de1d-4a79-b08b-c5df55dcb187,salim.fashion,premium,47.2,29.5,high,low,5,namesilo,,,19/09/2026 04:37
bbc5aedd-0a70-4b36-be2f-6f03554e0a83,fundraising.fashion,available,32.49,32.49,high,low,11,namesilo,,,02/10/2026 01:51
5fe2e68f-9f0b-4df4-b3b5-97b808ecc394,heretical.fashion,available,32.49,32.49,medium,low,9,namesilo,,,14/08/2026 12:35
ad04942b-82b0-4611-aef5-3b1e41b1bdc0,mallard.fashion,available,32.49,32.49,medium,low,7,namesilo,,,19/09/2026 03:01
646f4e85-352a-49ef-9961-59f9925b64ba,moderate.fashion,available,32.49,32.49,high,low,8,namesilo,,,12/08/2026 00:16
45fdcff6-a095-4821-9467-2eb9cfe43599,insulators.fashion,available,32.49,32.49,medium,low,10,namesilo,,,30/09/2026 07:37
15255691-4cee-4ac2-8d32-bd5d133a56c6,submerged.fashion,available,32.49,32.49,medium,low,9,namesilo,,,10/09/2026 23:30
1330211f-b751-4729-874e-dd5075c45b9f,irrational.fashion,available,32.49,32.49,high,low,10,namesilo,,,25/09/2026 11:23
71b83df9-67a6-4ba0-991d-f00a7c52e81a,tan.fashion,premium,242,29.5,high,low,3,namesilo,,,11/09/2026 07:50
9d3945dd-4c1f-4ea8-a82c-a570f4f54ddf,mobiles.fashion,available,33.98,45.98,medium,low,7,namecheap,,,20/09/2026 08:45
cf37a638-d99b-40f8-b2a3-5bed2abca20e,arctium.fashion,available,32.49,32.49,medium,low,7,namesilo,,,20/09/2026 02:49
3c6ca81e-90ff-4368-b1d7-7b33588e9f0c,projective.fashion,available,26.08,26.08,high,low,10,spaceship,,,30/09/2026 03:59
f7dceebb-f9db-4966-84a4-04d1562afd5c,aquarius.fashion,premium,47.2,29.5,high,low,8,namesilo,,,19/09/2026 23:03
d0daba19-7b16-4577-8ab0-9f8e0bf73e51,hymns.fashion,available,25.2,25.2,medium,low,5,cloudflare,,,30/09/2026 15:32
8d3fa144-ae5c-4e79-bbc2-4675c34fc408,rotated.fashion,available,25.2,25.2,medium,low,7,cloudflare,,,27/09/2026 14:36
b8758054-ac68-44db-8004-c120810a53f5,circulate.fashion,available,32.49,32.49,high,low,9,namesilo,,,01/10/2026 04:10
c7095bb2-c948-4706-996e-3b11a2cb9971,drawer.fashion,available,33.98,45.98,high,low,6,namecheap,,,24/09/2026 23:56
c4f8015d-913d-4cbc-96df-e7c07bb36ae6,downpour.fashion,available,32.49,32.49,high,low,8,namesilo,,,24/09/2026 16:02
a527e508-38fc-44ab-a8c6-7ff45bcf1a76,comedians.fashion,available,32.49,32.49,medium,low,9,namesilo,,,19/09/2026 23:33
07aca55f-cda1-473e-93fd-4d44566bd89c,cleaners.fashion,available,32.49,32.49,high,low,8,namesilo,,,24/09/2026 15:26
fe3c887b-2b0d-4573-88f3-cba4dc477e66,purana.fashion,available,32.49,32.49,medium,low,6,namesilo,,,02/10/2026 06:08
c1641294-b0ea-4a62-9251-e996e5372248,sailors.fashion,available,32.49,32.49,medium,low,7,namesilo,,,28/09/2026 13:06
913d57ae-9458-4b0d-8a3e-95ae00307cda,lawrencium.fashion,available,32.49,32.49,medium,low,10,namesilo,,,20/09/2026 22:00
59191b6c-6832-40c5-b2a6-4bca994ddb51,rhomboid.fashion,available,32.49,32.49,medium,low,8,namesilo,,,09/09/2026 16:47
c276abbc-c31e-48c9-8ca0-805f52874a76,lupin.fashion,available,32.49,32.49,high,low,5,namesilo,,,24/08/2026 11:41
2163f62a-22e3-4c8f-aa6e-0bac1b93353c,beak.fashion,available,32.49,32.49,high,low,4,namesilo,,,22/09/2026 19:41
809f947a-6e3f-4bb0-8f61-32adddeb8d67,raiders.fashion,available,26.08,26.08,medium,low,7,spaceship,,,30/09/2026 16:18
45048b1b-dd17-4c00-9c13-d1d4da73125c,prefer.fashion,available,32.49,32.49,high,low,6,namesilo,,,27/09/2026 03:54
22e642f5-b9ba-4b78-8a1f-504c81a74883,unethical.fashion,available,32.49,32.49,medium,low,9,namesilo,,,12/09/2026 09:19
f5f922cc-ef1a-44f2-9259-75a5395d37bb,withhold.fashion,available,26.08,26.08,high,low,8,spaceship,,,30/09/2026 19:13
d73978b5-77b6-4a96-a194-67c0dcddcf6c,unposed.fashion,available,32.49,32.49,medium,low,7,namesilo,,,12/09/2026 17:15
0b1a79dc-9360-4549-bfd4-bdb8977d13a3,dulles.fashion,available,33.98,45.98,high,low,6,namecheap,,,28/09/2026 13:55
bdc6b5a2-61a5-48c2-83bd-6ef83253c648,rallies.fashion,available,33.98,45.98,medium,low,7,namecheap,,,02/10/2026 02:59
406b2695-6e1d-4333-9e3f-c58d5b4bb422,parsley.fashion,available,26.08,26.08,high,low,7,spaceship,,,02/10/2026 06:00
50614294-d316-449e-9f2e-78901baf16ef,arsine.fashion,available,32.49,32.49,medium,low,6,namesilo,,,20/09/2026 09:42
6f75c91b-7385-4703-88f4-f329dfbb0bb0,signing.fashion,available,33.98,45.98,high,low,7,namecheap,,,27/09/2026 05:19
7bdbe35b-e2c1-4cbe-a391-5d27850b3423,mythological.fashion,available,32.49,32.49,high,low,12,namesilo,,,30/09/2026 14:14
c73598db-65af-49f8-a073-b11db6144f70,inocor.fashion,available,32.49,32.49,medium,low,6,namesilo,,,18/09/2026 23:58
a5f156ed-6285-43c9-9bcb-a5d03b4de7f0,dispense.fashion,available,32.49,32.49,high,low,8,namesilo,,,01/10/2026 04:11
64cc49b4-d257-46f0-ad5e-5c8b754c20ab,spotted.fashion,available,32.49,32.49,high,low,7,namesilo,,,10/09/2026 16:39
510f90de-5421-4958-8894-86c42e8a9412,jolt.fashion,premium,260,32.5,high,low,4,namecheap,,,25/09/2026 11:45
b486a2a7-7098-4cf8-83b3-82a73b0cd5a5,motel.fashion,premium,104,32.5,high,low,5,namecheap,,,25/09/2026 09:27
43b1ac3b-66a5-4120-be88-e82e2b4fe42e,occasionally.fashion,available,26.08,26.08,medium,low,12,spaceship,,,27/09/2026 17:20
3f74aa0b-39e0-4401-8fd2-1a7b23d99f6b,refuge.fashion,available,33.98,45.98,high,low,6,namecheap,,,20/09/2026 18:32
8e183168-b51c-454d-ad76-96a6658d62cb,imitating.fashion,available,25.2,25.2,high,low,9,cloudflare,,,30/09/2026 20:05
68ed0c26-22ce-4bda-91bc-15575d553ad6,garrison.fashion,available,26.08,26.08,high,low,8,spaceship,,,30/09/2026 09:43
fa5a701e-3d73-4eca-ab42-3cef5344f779,espionage.fashion,available,32.49,32.49,high,low,9,namesilo,,,29/09/2026 06:49
4be56a13-69dc-499f-b516-ace275684c3a,wah.fashion,premium,44,26.97,high,low,3,dynadot,,,30/09/2026 03:50
686991be-f246-4df0-9132-9bd34173fc7e,targeted.fashion,premium,87.86,27.82,medium,low,8,porkbun,,,28/09/2026 21:29
96159736-e33b-4cc1-8b5f-f341f0296aff,abo.fashion,premium,242,29.5,high,low,3,namesilo,,,
3ccedeca-4944-4255-a5fd-6387c3e1cb09,brakes.fashion,available,46.99,46.99,high,low,6,name.com,,,24/09/2026 08:09
a9817358-4afc-4346-ab16-72aea1e4470d,hernandez.fashion,premium,47.2,29.5,high,low,9,namesilo,,,25/09/2026 16:13
6339549a-3fbb-4a0e-bb7d-4e1a11fce66e,anemone.fashion,available,32.49,32.49,high,low,7,namesilo,,,19/09/2026 05:19
290bf2ee-8d83-460e-a4cb-ad5eed95be56,drily.fashion,available,32.49,32.49,medium,low,5,namesilo,,,14/09/2026 14:23
a19d2566-4f32-4232-92ef-3b354ac4721b,countries.fashion,available,32.49,32.49,medium,low,9,namesilo,,,03/10/2026 00:52
77874b57-9338-4c9a-9216-1fd340af0de9,appendage.fashion,available,33.98,45.98,medium,low,9,namecheap,,,19/09/2026 20:35
b64bfb86-c4c9-425f-9806-9522d84ef0c7,brookside.fashion,available,33.98,45.98,high,low,9,namecheap,,,02/10/2026 18:33
3a132e06-151d-4e3f-a929-183d8ae8275e,tomboyish.fashion,available,32.49,32.49,medium,low,9,namesilo,,,21/08/2026 14:32
681a62e1-ca8b-4b1b-b854-7f03fa574136,idealism.fashion,available,25.2,25.2,high,low,8,cloudflare,,,02/10/2026 05:14
fd55d6ba-acdb-4ba7-b00e-7721c20c35f1,nicholas.fashion,premium,87.86,27.82,high,low,8,porkbun,,,28/09/2026 02:29
4c02ce92-93aa-492b-8748-239386535504,filmed.fashion,available,32.49,32.49,high,low,6,namesilo,,,18/08/2026 04:25
1f2d854b-385b-4d28-9bcc-38215be6549f,holmium.fashion,available,33.98,45.98,medium,low,7,namecheap,,,20/09/2026 23:31
9ff717c6-db2b-4dea-be03-004fa7e302a5,sonoma.fashion,available,25.2,25.2,high,low,6,cloudflare,,,27/09/2026 20:23
207edd5c-4407-4657-a008-4f56af4b9b2c,unforeseen.fashion,available,33.98,45.98,high,low,10,namecheap,,,04/09/2026 18:50
dfed6efd-4cdf-4868-9e30-283fbbcce569,consolidate.fashion,available,32.49,32.49,high,low,11,namesilo,,,01/10/2026 04:56
3c19cd66-8702-46dd-865c-38d5a264bb93,beauvais.fashion,available,26.08,26.08,medium,low,8,spaceship,,,02/10/2026 19:01
953c070a-b950-4a58-b031-cf57889f0671,slicked.fashion,available,33.98,45.98,high,low,7,namecheap,,,08/09/2026 20:52
009f8a4f-67f7-431d-bbf2-3b7eab85e27c,violently.fashion,available,33.98,45.98,medium,low,9,namecheap,,,16/09/2026 11:00
aeb0501b-855e-44a4-8607-5ba2754bb613,dancers.fashion,available,32.49,32.49,high,low,7,namesilo,,,20/09/2026 05:50
088e7989-ccef-426c-88f7-47db578f8bac,radium.fashion,available,33.98,45.98,high,low,6,namecheap,,,20/09/2026 23:59
013b9e96-3b16-46db-a6fa-f3bd3717de93,pry.fashion,premium,828.2,26.08,high,low,3,spaceship,,,02/10/2026 04:31
9fc19f27-0121-497b-a8d1-f537c0cbc9a8,sarcoid.fashion,available,33.98,45.98,high,medium,7,namecheap,,,09/09/2026 21:28
ddb5dd9c-224f-4589-9d1e-4282076051f6,walden.fashion,available,33.98,45.98,medium,low,6,namecheap,,,27/09/2026 08:12
d2f586e6-8177-443d-9bb0-66cfd334dfc4,saliva.fashion,available,26.08,26.08,medium,low,6,spaceship,,,29/09/2026 13:54
fec95494-1944-436d-90ec-45c2e8f311cf,unlovable.fashion,available,32.49,32.49,medium,low,9,namesilo,,,12/09/2026 15:08
2579f545-5b17-4163-9b50-c3932825f1a4,hound.fashion,available,32.49,32.49,medium,low,5,namesilo,,,24/09/2026 02:24
bc5341bc-db71-48d6-929e-74d908daf6bd,deepening.fashion,available,32.49,32.49,medium,low,9,namesilo,,,13/08/2026 23:00
73c45466-e34c-4faf-97b0-cdc14fc02190,borneo.fashion,available,26.26,26.26,medium,low,6,porkbun,,,01/10/2026 18:45
165da981-9b92-437e-98c6-ea97c0f8f2a0,yost.fashion,available,32.49,32.49,medium,low,4,namesilo,,,29/09/2026 22:40
a14e173e-7f6b-4716-a58a-0f7f1e630592,oklahoman.fashion,available,33.98,45.98,medium,low,9,namecheap,,,16/09/2026 05:05
b45b0a3e-916d-41e8-a5e9-0a109920110f,worsening.fashion,available,32.49,32.49,medium,low,9,namesilo,,,28/09/2026 10:58
e167b284-a67e-42c3-9d28-40fb0d3a80f9,phantasmal.fashion,available,32.49,32.49,medium,low,10,namesilo,,,06/08/2026 05:33
60f590f3-7081-4bb0-b231-17162a6c7220,asker.fashion,premium,47.2,29.5,medium,low,5,namesilo,,,20/09/2026 14:27
dd1f1a50-3458-41a8-ad0e-84c24757814f,realizes.fashion,available,26.08,26.08,medium,low,8,spaceship,,,29/09/2026 05:59
4439db65-58c5-4601-bdcf-46b398f9e1c3,heartbreak.fashion,available,25.2,25.2,high,low,10,cloudflare,,,30/09/2026 00:54
4f732be1-fbca-49a7-8fe4-2924e8eed055,incarnation.fashion,available,32.49,32.49,medium,low,11,namesilo,,,01/10/2026 10:17
b394bc4d-219f-440d-b201-176d9f3f6118,alsatian.fashion,available,32.49,32.49,medium,low,8,namesilo,,,
621c3a75-30ff-4efa-a9a2-b0047e66daab,customise.fashion,available,33.98,45.98,high,low,9,namecheap,,,30/09/2026 18:12
14eeec6b-206c-4e00-b896-40ab447a14c2,bonds.fashion,available,32.49,32.49,high,low,5,namesilo,,,28/09/2026 04:31
dc2b4f32-1337-4540-876d-dbe0db0e08fd,americas.fashion,available,25.2,25.2,high,low,8,cloudflare,,,02/10/2026 20:01
6ea370d9-0d55-4597-9f25-82a4fb9ec58f,massages.fashion,available,32.49,32.49,medium,low,8,namesilo,,,20/09/2026 09:22
94247890-0bc3-4ff5-938c-f8d9a7fa7187,remind.fashion,available,33.98,45.98,high,low,6,namecheap,,,24/09/2026 20:14
a089dfdc-742c-4586-9f46-9b7bfe014728,apologetic.fashion,available,32.49,32.49,medium,low,10,namesilo,,,06/08/2026 02:07
ffe535c2-8ae6-4b6b-b89a-f6f1d141d575,thallium.fashion,available,32.49,32.49,medium,low,8,namesilo,,,20/09/2026 23:51
d43731ec-5bf6-442b-9589-f15080c69cf9,door.fashion,premium,47.2,29.5,high,low,4,namesilo,,,19/09/2026 10:21
cf54f8d1-3d15-49d1-895d-1fa3e5ebadc7,mms.fashion,available,33.98,45.98,high,low,3,namecheap,,,30/09/2026 21:06
aea158d1-5ba7-4f14-bd43-8ffee483ff64,spavined.fashion,available,32.49,32.49,high,medium,8,namesilo,,,10/09/2026 15:20
9c66f86e-262d-4e22-b808-d0267241fbde,bonfire.fashion,available,32.49,32.49,high,low,7,namesilo,,,21/09/2026 21:51
b92e3a56-02c2-411a-9f3d-9dc7b0bae0c0,banjo.fashion,available,33.98,45.98,high,low,5,namecheap,,,22/09/2026 02:11
d271f8a7-0676-4828-ad01-fbfa6437e301,vengeance.fashion,available,25.2,25.2,medium,low,9,cloudflare,,,28/09/2026 11:03
44c8aae5-3182-499e-a32f-1326d0620231,pritchard.fashion,available,26.08,26.08,medium,low,9,spaceship,,,28/09/2026 12:14
7e739827-3e71-4d44-b46f-211cec4a41eb,saltish.fashion,available,33.98,45.98,high,medium,7,namecheap,,,09/09/2026 20:57
3464e645-b1fa-4e86-a7fb-4788e2885e48,prayers.fashion,available,32.49,32.49,high,low,7,namesilo,,,18/09/2026 03:21
cbcd560c-b33e-42b9-a1fd-b81ad2e79344,occurs.fashion,available,26.08,26.08,medium,low,6,spaceship,,,28/09/2026 17:56
e6a6859d-7a65-4737-bc87-9be0f5fc1351,yazoo.fashion,available,32.49,32.49,medium,low,5,namesilo,,,29/09/2026 20:37
2f079f04-6b52-4656-8b8b-e4b61030e4ff,eccentric.fashion,available,32.49,32.49,high,low,9,namesilo,,,10/08/2026 09:50
931b84d6-a5c6-448a-a667-032692b89bea,bandicoot.fashion,available,32.49,32.49,medium,low,9,namesilo,,,22/09/2026 01:13
3378b709-8966-42f4-9eff-e5cad654da4d,wriggly.fashion,available,32.49,32.49,medium,low,7,namesilo,,,13/09/2026 13:43
7d54ad6e-e811-4201-b586-a46993b9d3ee,bigram.fashion,available,32.49,32.49,medium,low,6,namesilo,,,23/09/2026 15:24
74d7de38-5f07-43a3-872d-6d5e5183c811,toad.fashion,premium,50,46.99,high,low,4,name.com,,,05/08/2026 21:06
3c5d6189-cb9b-413e-b130-e0e8105b0c7e,saprobic.fashion,available,33.98,45.98,high,medium,8,namecheap,,,09/09/2026 21:24
e2b96d32-6a50-4f2a-a7dc-664d75cb7dbc,defection.fashion,available,33.98,45.98,medium,low,9,namecheap,,,19/09/2026 19:16
1857f0ba-2b08-430b-80b3-a82d1cc534ff,lone.fashion,premium,41.6,26.08,medium,low,4,spaceship,,,28/09/2026 22:59
b546953d-2b67-474a-b538-35bc74f6c23e,ignorance.fashion,available,25.2,25.2,medium,low,9,cloudflare,,,28/09/2026 10:08
f440ff3e-b38a-46a7-8b55-bea233743707,query.fashion,available,26.08,26.08,high,low,5,spaceship,,,01/10/2026 19:28
9e947d37-5ad6-4504-a6b7-4d4ee8ef0836,catalogues.fashion,premium,83,26.08,medium,low,10,spaceship,,,02/10/2026 22:23
8e227ce8-9bfd-4205-9c12-848cd2c1e05a,portable.fashion,available,32.49,32.49,high,low,8,namesilo,,,27/09/2026 04:40
85e91e06-1f74-42c9-84a6-9994b35d6e8d,stray.fashion,available,32.49,32.49,high,low,5,namesilo,,,25/09/2026 11:32
80c4725e-ceb4-48ab-ba62-b5319867c2f9,oxygen.fashion,resell,,,high,low,6,West263 International Limited,19/07/2026 20:47,19/07/2027 20:47,28/09/2026 23:01
f4dd301a-39b0-4f60-8af0-021ec6687fab,beams.fashion,available,26.08,26.08,medium,low,5,spaceship,,,28/09/2026 23:32
ca04ae4f-834e-42dc-8992-78c46a96f1d5,angara.fashion,available,32.49,32.49,medium,low,6,namesilo,,,19/09/2026 05:44
7f0b8012-ff99-4a3d-91a2-6f854fa5b92a,flu.fashion,premium,242,29.5,high,low,3,namesilo,,,29/09/2026 19:35
608943fb-800a-4824-b77d-a95c9166a821,quickness.fashion,available,26.08,26.08,high,low,9,spaceship,,,28/09/2026 18:29
53c6b2a5-b63f-4243-9766-c5506cfc2818,begging.fashion,available,32.49,32.49,medium,low,7,namesilo,,,23/09/2026 02:16
2c476bea-814a-4446-a689-e5cfd2b58930,bsc.fashion,premium,52,32.5,high,low,3,namecheap,,,28/09/2026 15:39
c8bd2c13-3236-4db1-9eb8-0e71ef5c42bc,yue.fashion,premium,41.6,26.08,high,low,3,spaceship,,,29/09/2026 18:11
a1f2acb2-724e-4d9f-a0d8-4183234fed8a,bargaining.fashion,available,32.49,32.49,high,low,10,namesilo,,,22/09/2026 05:36
aceee577-73c9-4a8a-ae04-2a50b9eaf4c1,bonus.fashion,resell,,,high,low,5,,,,29/09/2026 03:19
5c4c4445-5d76-46a5-964d-63aa5b63e34a,wakes.fashion,available,25.2,25.2,medium,low,5,cloudflare,,,28/09/2026 13:11
2786475a-4945-4302-a1fe-6493394d576d,mccoy.fashion,premium,41.6,26.08,high,low,5,spaceship,,,27/09/2026 21:17
9de58042-d6c2-4728-883f-123ad35b8f78,weekend.fashion,premium,207.2,26.08,medium,low,7,spaceship,,,29/09/2026 15:56
8ca1ae6f-6f56-45b0-9f9d-ce0766410fcd,malian.fashion,available,32.49,32.49,high,low,6,namesilo,,,24/08/2026 14:00
b468e82a-196d-422e-9d9e-cb4b2fecce69,superstar.fashion,available,25.2,25.2,high,low,9,cloudflare,,,02/10/2026 01:58
866cf4dc-007c-4e1f-8611-7ea0eeab2303,thomas.fashion,premium,96,29.5,high,medium,6,namesilo,,,25/09/2026 04:57
d43ea186-3cdf-40c5-a15a-b4bd68e6009a,nebulous.fashion,available,32.49,32.49,medium,low,8,namesilo,,,12/08/2026 12:45
99f2992a-3933-4559-9aad-6ec4833178c6,applaud.fashion,available,25.2,25.2,high,low,7,cloudflare,,,30/09/2026 15:09
0afe2e4e-c51a-4832-bd2d-949ebb75e05b,acris.fashion,available,32.49,32.49,medium,low,5,namesilo,,,17/09/2026 03:16
b387749e-696d-4944-8300-2d1d5a212314,lousy.fashion,available,32.49,32.49,medium,low,5,namesilo,,,24/09/2026 01:33
bea9e28c-48f7-4a25-8c20-14bf89b29931,courthouse.fashion,available,26.08,26.08,medium,low,10,spaceship,,,28/09/2026 09:28
d1ca069d-afd4-4e8f-8e5a-e22e95627ba0,ashtray.fashion,available,32.49,32.49,high,low,7,namesilo,,,20/09/2026 14:02
97c0b67f-2ed8-4aa7-b5d5-d40453da0190,sdk.fashion,premium,41.6,26.08,high,low,3,spaceship,,,03/10/2026 02:48
f22f7930-234e-4f80-b1fb-66234650199e,dresses.fashion,premium,2660,29.5,high,low,7,namesilo,,,18/09/2026 07:11
57925996-548a-4030-bc7d-4df43e15d024,elfish.fashion,available,32.49,32.49,medium,low,6,namesilo,,,16/08/2026 03:41
856c9c4b-12bf-4e2e-be4d-464bcc8f5282,dearly.fashion,available,46.99,46.99,high,low,6,name.com,,,13/08/2026 20:00
e5a2fd8f-2ee4-4a8d-9ef4-8924e182c654,war.fashion,premium,242,29.5,high,low,3,namesilo,,,26/09/2026 00:24
3301fe33-9ece-44a5-89ea-a88a34c90c88,rally.fashion,premium,52,32.5,high,medium,5,namecheap,,,21/09/2026 19:55
5bc9d218-0ed2-4390-85f7-4c797f8554f7,likable.fashion,available,32.49,32.49,high,low,7,namesilo,,,23/08/2026 06:14
315025bd-7edd-411d-ad2a-33cf98d2cb12,trembling.fashion,available,32.49,32.49,high,medium,9,namesilo,,,10/09/2026 06:41
a8a3ca36-e73c-461d-a8ac-2de32c414810,wiz.fashion,premium,260,32.5,high,low,3,namecheap,,,21/09/2026 18:16
b237e663-8e60-47a5-9c63-4629c6487988,choreography.fashion,premium,260,32.5,high,low,12,namecheap,,,01/10/2026 15:29
6c233454-a2c0-47ce-a58f-28591a52df2d,standardize.fashion,available,32.49,32.49,high,low,11,namesilo,,,01/10/2026 23:03
19fd53e3-31d8-4630-9fd7-6e589cee58fc,customized.fashion,available,32.49,32.49,high,low,10,namesilo,,,30/09/2026 23:17
dc753cdf-0819-43d5-9f26-71d52e46334f,promptly.fashion,available,33.98,45.98,high,low,8,namecheap,,,09/09/2026 08:42
60f8e255-3457-4fc6-b4ab-5593ea8df76b,octuple.fashion,available,32.49,32.49,medium,low,7,namesilo,,,15/08/2026 21:25
70c23d65-a098-4b31-9b09-c150e8697526,pretzel.fashion,available,25.2,25.2,high,low,7,cloudflare,,,30/09/2026 07:15
db67949c-cb9b-472c-8b9f-e50cb03efcf8,harrisburg.fashion,available,33.98,45.98,medium,low,10,namecheap,,,25/09/2026 22:04
dd1b0816-e6cd-4344-a032-055997cf0b21,cdma.fashion,premium,47.2,29.5,high,low,4,namesilo,,,02/10/2026 08:17
da1a2172-b413-431a-90ad-39da89639472,getting.fashion,available,26.08,26.08,high,low,7,spaceship,,,28/09/2026 17:59
ac944a33-da4b-4d22-a41d-c5d4b0d6f380,alicia.fashion,premium,47.2,29.5,high,low,6,namesilo,,,27/09/2026 07:22
c11493e6-6842-40be-961d-2282c80b2e0e,orders.fashion,premium,47.2,29.5,high,low,6,namesilo,,,18/09/2026 14:04
0425009a-b0a0-4b6e-80ad-8d065d50d71b,roulette.fashion,available,25.2,25.2,high,low,8,cloudflare,,,01/10/2026 20:21
72b2d80e-37b2-4986-bea3-3cfeac2662ed,questions.fashion,available,26.08,26.08,high,low,9,spaceship,,,01/10/2026 17:14
68de90e8-fc11-4161-9783-caf6e2fd98d0,provision.fashion,available,26.97,26.97,high,low,9,dynadot,,,30/09/2026 08:49
3c218b94-8af4-4d12-b604-a9f29156b9cf,mckinney.fashion,available,33.98,45.98,high,low,8,namecheap,,,28/09/2026 04:20
7fa53984-4dea-405f-8c94-f138ccdb0662,entitled.fashion,available,32.49,32.49,high,low,8,namesilo,,,24/09/2026 14:10
b443ca1c-2caa-4a73-9f3d-17a21dc8083b,manfred.fashion,available,26.08,26.08,high,low,7,spaceship,,,28/09/2026 07:56
c6e7f58f-796b-41f3-ba66-7914be16eb6c,inexpensive.fashion,available,32.49,32.49,high,low,11,namesilo,,,01/10/2026 01:44
144dbdf9-e45c-4a2a-b2d2-5582adda43c4,shelf.fashion,premium,41.6,26.08,high,low,5,spaceship,,,30/09/2026 02:43
532d3fa3-92f7-45ea-af4e-5e6cd8dbfa98,dslr.fashion,available,26.08,26.08,high,low,4,spaceship,,,02/10/2026 01:25
6166344b-cd08-4aaa-bdae-162405dc0027,ldp.fashion,premium,52,32.5,high,low,3,namecheap,,,30/09/2026 03:15
95ee0748-28d7-48ca-8a07-37c5459d4584,aunty.fashion,available,32.49,32.49,high,low,5,namesilo,,,21/09/2026 04:13
b1e6d46e-22ea-4d59-a586-5a49033fd53e,stakeholder.fashion,available,25.2,25.2,high,low,11,cloudflare,,,29/09/2026 08:31
e078be31-5905-43a0-a2ca-b7761641d624,crucial.fashion,available,32.49,32.49,high,low,7,namesilo,,,22/09/2026 00:39
1d32f69a-2d15-4d53-86c5-91e7e53d2c78,adidas.fashion,available,25.2,25.2,high,low,6,cloudflare,,,02/10/2026 13:22
ea32ac76-aea5-463a-9eb5-4f0516863518,luka.fashion,premium,47.2,29.5,high,low,4,namesilo,,,30/09/2026 13:02
286a0f76-80f0-4776-bc80-38e65d48c4fa,hooker.fashion,available,32.49,32.49,medium,low,6,namesilo,,,25/09/2026 22:46
b51c3913-0fc1-4e2c-84de-473df18d6807,upward.fashion,available,25.2,25.2,high,low,6,cloudflare,,,28/09/2026 09:54
587ea938-2ffa-422f-bb46-6d97269eb27c,debonnaire.fashion,available,46.99,46.99,high,low,10,name.com,,,13/08/2026 20:46
99d57fed-02fd-455b-826c-565fd465fdd4,energiser.fashion,available,32.49,32.49,medium,low,9,namesilo,,,19/09/2026 09:08
8e1fa3cf-f0cf-4a02-9a7b-29e59f19c1d4,weaving.fashion,available,32.49,32.49,high,low,7,namesilo,,,29/09/2026 14:07
1159bb16-3d3a-460b-9b69-1646e7d6b2f1,regression.fashion,available,33.98,45.98,high,low,10,namecheap,,,20/09/2026 09:08
503da406-db39-4e0d-907f-d4ccd3d3eb7b,assent.fashion,available,32.49,32.49,high,low,6,namesilo,,,20/09/2026 16:09
34cb6f60-40c5-476a-9319-6508f75760cf,fictive.fashion,available,32.49,32.49,medium,low,7,namesilo,,,07/08/2026 07:55
3b838f26-1429-4a06-ab31-5ef06a71b7d5,lyrically.fashion,available,32.49,32.49,medium,low,9,namesilo,,,15/09/2026 13:16
501e30d8-37a8-4e70-b7b6-2caedee66fef,promotions.fashion,available,32.49,32.49,high,low,10,namesilo,,,02/10/2026 12:57
83caf2fc-65f9-4083-8234-a5a2fdc6c9e8,embassador.fashion,available,32.49,32.49,high,low,10,namesilo,,,18/09/2026 16:29
3c2f4c4a-403a-4883-8996-2c1139d52b86,fiber.fashion,available,33.98,45.98,high,low,5,namecheap,,,29/09/2026 19:15
c0c36756-2b81-439a-906b-c65238bc00e0,endure.fashion,available,32.49,32.49,high,low,6,namesilo,,,11/08/2026 02:41
8b70eace-bd3d-47e5-b148-0f332bade4f7,pita.fashion,available,25.2,25.2,high,low,4,cloudflare,,,30/09/2026 06:47
1436195b-3490-42d8-89d6-2897715df5df,lovesome.fashion,available,32.49,32.49,medium,low,8,namesilo,,,
0e25d13f-56a7-4db7-983e-a0d51427fbc8,bottles.fashion,available,33.98,45.98,medium,low,7,namecheap,,,18/09/2026 04:05
e6454cff-5b0c-4dcb-8c6b-6ae4e7616f5a,teacher.fashion,premium,242,29.5,high,low,7,namesilo,,,30/09/2026 00:13
964ee1cd-774e-465d-9872-1e6f31eb35f9,andiron.fashion,available,32.49,32.49,medium,low,7,namesilo,,,19/09/2026 04:06
c309db69-9f31-405d-83a1-328eceef4a16,oppenheimer.fashion,available,32.49,32.49,medium,low,11,namesilo,,,28/09/2026 21:40
52998dc8-8003-4280-92a8-800a91388b0a,cheated.fashion,available,32.49,32.49,medium,low,7,namesilo,,,01/10/2026 23:09
3c1f1069-504f-4235-bc1f-3aed85920c17,chestnuts.fashion,available,32.49,32.49,medium,low,9,namesilo,,,20/09/2026 20:45
b03e2024-38b4-451f-824e-3e57638d3c0a,cornered.fashion,available,32.49,32.49,medium,low,8,namesilo,,,07/08/2026 11:02
cdac761d-932c-475b-9aba-3df2e4b7a8e5,brith.fashion,available,33.98,45.98,high,low,5,namecheap,,,23/09/2026 09:27
b116fc22-64de-417f-a77d-87c536343b52,survives.fashion,available,26.08,26.08,medium,low,8,spaceship,,,29/09/2026 17:53
6797285d-8f20-40bd-b444-91edb371fff2,unplanned.fashion,available,32.49,32.49,medium,low,9,namesilo,,,12/09/2026 16:51
7294c830-ec7c-4784-bef7-ffa14a784c5e,anaxagoras.fashion,available,32.49,32.49,medium,low,10,namesilo,,,19/09/2026 03:36
6e1631e7-2492-4089-9c15-e6a593234dfa,angell.fashion,premium,,,high,low,6,,,,29/09/2026 21:36
620c278a-580a-484f-8388-9872d3fc56bb,tripped.fashion,available,26.26,26.26,medium,low,7,porkbun,,,01/10/2026 00:50
c99dd58f-6c9e-4bc0-8dcb-a1838e3efc53,patientcare.fashion,available,32.49,32.49,high,low,11,namesilo,,,
dc113099-6722-4ed5-9c04-68b53000acb8,bazar.fashion,available,33.98,45.98,high,low,5,namecheap,,,22/09/2026 18:23
ac537059-5333-41bf-94e8-fa76e129bcc1,transports.fashion,available,32.49,32.49,medium,low,10,namesilo,,,20/09/2026 13:26
aa5f69fd-ee17-4d12-8e19-3102ba96d8df,madcap.fashion,available,32.49,32.49,high,low,6,namesilo,,,11/08/2026 01:38
b450c480-1c7a-4528-9a3d-736d68a7dbdf,bluetooth.fashion,available,33.98,45.98,high,low,9,namecheap,,,01/10/2026 22:07
25dedec4-3de7-49dc-bad1-de82d0472b1a,metier.fashion,available,32.49,32.49,high,low,6,namesilo,,,18/08/2026 12:29
cca87bd4-517d-43e5-958d-df443067981b,southeast.fashion,available,26.97,26.97,low,low,9,dynadot,,,28/09/2026 08:19
49c6d1fa-fdb4-4555-ac1e-0ce35320d5e1,abcs.fashion,available,32.49,32.49,high,low,4,namesilo,,,16/09/2026 14:38
33b5b732-a6d0-4de3-a563-190bcdeacc7d,nissen.fashion,available,25.2,25.2,medium,low,6,cloudflare,,,02/10/2026 18:46
5fb68620-8b34-408c-9c1f-4682ee1e074f,directions.fashion,available,33.98,45.98,high,low,10,namecheap,,,27/09/2026 09:16
ed09a088-b312-4da0-9e18-0dab4935f330,audiencia.fashion,available,26.26,26.26,high,low,9,porkbun,,,02/10/2026 18:30
4ef3b2e7-2234-4fdc-8115-321cf7d243b8,fertilization.fashion,available,26.08,26.08,medium,low,13,spaceship,,,02/10/2026 11:15
7adaeb14-7576-4f8b-8280-aa87105cb97a,swarthy.fashion,available,32.49,32.49,medium,low,7,namesilo,,,11/09/2026 05:25
52ae0222-cd84-4103-807c-25ef28eac575,attached.fashion,available,32.49,32.49,high,low,8,namesilo,,,
0bcb3100-607b-413d-bdc2-3504c0590e25,undisturbed.fashion,available,26.08,26.08,high,low,11,spaceship,,,30/09/2026 12:13
c9a45acf-913d-40f7-a29a-e62cfa954028,astronauts.fashion,available,33.98,45.98,medium,low,10,namecheap,,,30/09/2026 00:30
6c50eacd-c0aa-49b5-9031-b7fdc8e788ed,shown.fashion,available,32.49,32.49,medium,low,5,namesilo,,,27/09/2026 08:00
363ac9e8-06ed-47ec-8750-c7e287dab287,mantle.fashion,available,26.08,26.08,medium,low,6,spaceship,,,28/09/2026 18:42
c33ef7cb-e878-42cb-b800-f7df0b16314e,injected.fashion,available,26.08,26.08,medium,low,8,spaceship,,,29/09/2026 10:57
20ec0c3f-3717-4174-8968-423bb0cfb499,stella.fashion,premium,47.2,29.5,high,medium,6,namesilo,,,27/09/2026 04:03
6b9a18a0-0436-4bad-b0fc-47df206f80f1,apotheosis.fashion,available,33.98,45.98,high,low,10,namecheap,,,03/09/2026 20:11
aee680ae-a49e-4861-88e3-1dff0f5568ef,creditable.fashion,available,32.49,32.49,high,low,10,namesilo,,,13/08/2026 05:54
42f5c2e8-a2a2-4fbc-a3b7-5d68197a7c2f,pony.fashion,premium,207.2,26.08,high,low,4,spaceship,,,30/09/2026 00:53
adcf056c-a118-492a-b3ef-95bf58dc501e,kunming.fashion,premium,41.6,26.08,medium,low,7,spaceship,,,02/10/2026 19:45
00abce9f-4f3c-4113-92cd-ce3f7c44d9b6,brinkley.fashion,available,32.49,32.49,high,low,8,namesilo,,,01/10/2026 11:00
32317cca-3eaf-4182-b75c-d86309c97486,californian.fashion,available,26.97,26.97,high,low,11,dynadot,,,01/10/2026 05:38
fdb21fcc-c210-4eca-94fb-755f14118141,janie.fashion,available,26.26,26.26,high,low,5,porkbun,,,01/10/2026 08:49
c02bca25-443d-4ad3-af1b-3b4234ef82a0,riaa.fashion,available,32.49,32.49,high,low,4,namesilo,,,30/09/2026 13:03
4ca5200b-7648-419f-87d7-233ac167f5e3,conversion.fashion,available,25.2,25.2,high,low,10,cloudflare,,,29/09/2026 06:19
71b6a0e9-b7d7-4c09-96d6-addb857edfc1,philharmonic.fashion,available,26.97,26.97,high,low,12,dynadot,,,03/10/2026 03:07
b0179eff-ab68-4cbf-b6d5-b5439d5d756d,nullify.fashion,available,32.49,32.49,high,low,7,namesilo,,,13/09/2026 06:46
8b68342b-9a35-40e1-b542-4d7b8d285dd1,clay.fashion,premium,44,26.97,high,low,4,dynadot,,,29/09/2026 05:45
765226bd-d3d1-4306-b1ed-066d36d4f9a7,westover.fashion,available,26.26,26.26,medium,low,8,porkbun,,,02/10/2026 20:26
9405d2fc-0323-43f1-bf2d-8106ea044710,hence.fashion,available,26.08,26.08,medium,low,5,spaceship,,,28/09/2026 15:09
7d0a58e7-2498-4e71-9871-1935b7b93ba9,cattie.fashion,available,32.49,32.49,medium,low,6,namesilo,,,11/08/2026 22:14
5dffcbb2-fc1a-48e9-857f-89942e74c9af,welding.fashion,available,26.08,26.08,high,low,7,spaceship,,,30/09/2026 11:19
0cfbe601-22a6-4b03-9f18-ee1a830d8c96,mystical.fashion,available,32.49,32.49,high,low,8,namesilo,,,03/09/2026 12:24
114dfcbd-ac67-4e3f-b565-a5fd16e3f31f,lacy.fashion,premium,50,46.99,high,low,4,name.com,,,22/08/2026 17:47
bcc26b85-05cf-49ac-bfaa-388a95c34646,eroding.fashion,available,32.49,32.49,medium,low,7,namesilo,,,13/09/2026 09:08
ef7c5c79-4de6-4a2b-ac98-525b8d1c836b,legislative.fashion,available,25.2,25.2,high,low,11,cloudflare,,,01/10/2026 07:23
b3279d8d-ca01-4dbe-a727-56eb12dce088,baykal.fashion,available,33.98,45.98,medium,low,6,namecheap,,,21/09/2026 18:56
df730b44-e2f4-40fd-9000-eb01e7c551e9,acrodont.fashion,available,32.49,32.49,medium,low,8,namesilo,,,17/09/2026 03:41
3ca06cfb-02d8-4386-90dc-c033098b5753,educational.fashion,available,25.2,25.2,high,low,11,cloudflare,,,01/10/2026 05:09
f28fbc46-a0fe-4da2-98cf-007c408799d1,mommy.fashion,available,26.08,26.08,high,low,5,spaceship,,,30/09/2026 02:10
494eec16-a8f9-4fab-abde-b404ad230d5a,recife.fashion,available,26.08,26.08,high,low,6,spaceship,,,01/10/2026 21:15
d4696f83-f3b2-4ddc-acef-5779652d8288,dock.fashion,premium,520,32.5,high,low,4,namecheap,,,22/09/2026 23:34
0376818c-f14b-4576-a540-40ea591722ea,monaghan.fashion,available,26.08,26.08,medium,low,8,spaceship,,,29/09/2026 17:52
24d2454c-24ba-4b7c-897a-1ca9ad6496bd,carob.fashion,available,32.49,32.49,medium,low,5,namesilo,,,18/09/2026 06:50
73e6ce0e-e1dd-4c1c-afae-47603f2d102c,psychologists.fashion,available,26.97,26.97,medium,low,13,dynadot,,,01/10/2026 18:37
8edd05da-af1d-4af3-8fbd-a864fa91f644,centric.fashion,available,32.49,32.49,high,low,7,namesilo,,,12/08/2026 00:07
02e5ddef-e248-4a8f-bfa5-b622f7263db9,powerless.fashion,available,32.49,32.49,high,medium,9,namesilo,,,09/09/2026 00:56
f0eb7c69-8133-40a2-8a93-8737dcc76a64,blackboard.fashion,available,32.49,32.49,high,low,10,namesilo,,,24/09/2026 02:09
15f331c1-c32c-43c5-b650-30c933ffbe17,vines.fashion,available,26.97,26.97,medium,low,5,dynadot,,,29/09/2026 23:04
9d6ca18c-811a-43eb-a438-dc009467db09,location.fashion,available,32.49,32.49,high,low,8,namesilo,,,27/09/2026 04:42
e94452a0-07e1-450d-9957-874d49562211,enzyme.fashion,available,32.49,32.49,high,low,6,namesilo,,,29/09/2026 12:12
757e09ff-3004-412f-bf6f-ce53b7afc21c,upload.fashion,available,26.08,26.08,high,low,6,spaceship,,,01/10/2026 04:31
4611b15f-ee1c-49f1-b199-6a9a6516de8f,notwithstanding.fashion,available,32.49,32.49,medium,low,15,namesilo,,,
aaaa7d03-415f-4514-9ab0-5d3ec34d2a6f,nappy.fashion,available,32.49,32.49,high,low,5,namesilo,,,18/08/2026 16:10
95232219-bb8b-4f11-9776-fbc88b73f4ec,mtn.fashion,premium,,,high,medium,3,,,,01/10/2026 07:21
84a749a8-64aa-4086-aae4-00c1e3b996d3,townshend.fashion,available,32.49,32.49,medium,low,9,namesilo,,,29/09/2026 04:20
7183b7a3-7327-4e39-ba98-750dd92572c7,cecal.fashion,available,32.49,32.49,medium,low,5,namesilo,,,11/08/2026 12:54
0524c0b4-19f4-42a6-a362-40dbedb86756,novi.fashion,premium,41.6,26.08,high,low,4,spaceship,,,28/09/2026 21:12
4333bf09-0fda-4d5a-83d6-92abbf712931,controller.fashion,available,32.49,32.49,high,low,10,namesilo,,,28/09/2026 06:44
6ae6d30c-6e13-4f2d-be1b-d8b21594b073,aphelion.fashion,available,32.49,32.49,medium,low,8,namesilo,,,19/09/2026 16:55
0ac705b4-0f1b-47f5-b00f-e5abb53a424d,injectable.fashion,available,32.49,32.49,high,low,10,namesilo,,,22/08/2026 05:36
ad65d49d-0c78-4a28-923d-19a4acb89729,spike.fashion,premium,47.2,29.5,high,low,5,namesilo,,,19/09/2026 15:31
9580ba41-657f-4de6-b203-a3b913a2bc91,ripe.fashion,premium,41.6,26.08,high,low,4,spaceship,,,27/09/2026 15:25
9f089842-932a-4741-8624-59b208874143,allotrope.fashion,available,32.49,32.49,medium,low,9,namesilo,,,18/09/2026 12:06
510427b9-eb1b-486a-95f0-6cf98e19ea35,unresolved.fashion,available,32.49,32.49,medium,low,10,namesilo,,,14/08/2026 12:57
7643cfb2-2c53-4409-8ae7-a60f230e0303,humid.fashion,available,32.49,32.49,high,low,5,namesilo,,,21/08/2026 15:17
cb79ebe9-b5aa-417d-b747-3e791c53c31e,pearse.fashion,available,26.08,26.08,medium,low,6,spaceship,,,02/10/2026 01:53
f3107168-721a-4f1b-80aa-a0437cbdab98,hydrate.fashion,available,26.08,26.08,high,low,7,spaceship,,,03/10/2026 01:15
b7cd2b06-c9ec-429e-9a72-78f0be1f36e4,cleave.fashion,available,32.49,32.49,medium,low,6,namesilo,,,24/09/2026 15:43
614efb77-bd26-4976-bd3b-3624dafe8694,parentally.fashion,available,33.98,45.98,medium,low,10,namecheap,,,15/09/2026 18:57
e78e623a-5a97-42ba-b6fc-a34bf41c755b,glanced.fashion,available,32.49,32.49,medium,low,7,namesilo,,,18/09/2026 01:59
494b4cce-e384-499a-b498-dc3a9f95092b,leamington.fashion,available,26.97,26.97,medium,low,10,dynadot,,,03/10/2026 04:43
cf71c76b-f7ec-420b-9931-1b59b2dd2ddf,gabby.fashion,available,32.49,32.49,high,low,5,namesilo,,,12/08/2026 03:18
693575a7-5bdb-4548-8bed-e5f89c944efe,chartered.fashion,available,32.49,32.49,high,low,9,namesilo,,,12/08/2026 02:47
bb67238c-35ae-4706-8035-d47b98af7a64,simmer.fashion,available,32.49,32.49,high,low,6,namesilo,,,03/10/2026 02:06
e9c547dc-d1da-458b-8937-73c96fbdcaa4,ney.fashion,premium,52,32.5,medium,low,3,namecheap,,,29/09/2026 12:06
d2a8e1c6-0ecb-421f-a4e3-f4cb07f45cfd,atarax.fashion,available,33.98,45.98,medium,low,6,namecheap,,,20/09/2026 19:30
0246a694-0d04-473b-99fa-d92f10a897d1,laps.fashion,premium,41.6,26.08,medium,low,4,spaceship,,,29/09/2026 05:29
43fa5395-02d4-4db8-9de8-d45e28d7285d,aerides.fashion,available,32.49,32.49,medium,low,7,namesilo,,,17/09/2026 12:51
01ca4d06-3145-4105-8d7f-535437a09479,eyebrows.fashion,available,25.2,25.2,medium,low,8,cloudflare,,,30/09/2026 06:11
df9de569-ee00-42fc-80f9-7e92907ab09c,betwixt.fashion,available,32.49,32.49,medium,low,7,namesilo,,,14/09/2026 00:01
98ab4893-6a96-469e-ac54-b3a78ee56c3b,multiple.fashion,available,32.49,32.49,high,low,8,namesilo,,,25/09/2026 22:06
1d16def4-67ab-4a0a-8eac-8ef33485156f,pergamon.fashion,available,32.49,32.49,medium,low,8,namesilo,,,29/09/2026 22:24
2a4e71ff-4e74-4448-bd5b-6178c578b9f8,buena.fashion,available,26.08,26.08,medium,low,5,spaceship,,,27/09/2026 21:05
bb14dd09-fa65-4ccc-bf5e-55a6e0a988da,ruptured.fashion,available,26.97,26.97,medium,low,8,dynadot,,,29/09/2026 16:06
53241a0b-b669-400c-b398-c51ee9e6e966,vitrified.fashion,available,32.49,32.49,medium,low,9,namesilo,,,13/09/2026 06:20
d6df4337-e9c8-417c-b418-37d5b1bb2187,taping.fashion,premium,41.6,26.08,high,low,6,spaceship,,,01/10/2026 04:01
e41b8638-fe77-4010-8995-ba2dd90f8495,arame.fashion,available,32.49,32.49,medium,low,5,namesilo,,,19/09/2026 23:56
567c54fa-2d0c-4451-ab79-50685b25f6ec,hatched.fashion,available,32.49,32.49,high,low,7,namesilo,,,13/08/2026 08:20
ff74959e-ae94-4b72-b760-e0e609bf5cab,abjuration.fashion,available,33.98,45.98,medium,low,10,namecheap,,,16/09/2026 15:59
0c0a595d-0d57-412c-8f4f-66a924719fa8,aboveboard.fashion,available,32.49,32.49,medium,low,10,namesilo,,,
15b150e9-b127-47cb-89ed-6d82329fda72,ashes.fashion,available,32.49,32.49,medium,low,5,namesilo,,,27/09/2026 09:10
b8378690-bb8b-4e71-a11a-4f14c8e279ca,integrate.fashion,available,26.08,26.08,high,low,9,spaceship,,,01/10/2026 17:05
bafb0575-1df6-42fc-b176-2e9fab6612d6,paterson.fashion,premium,96,29.5,high,low,8,namesilo,,,25/09/2026 09:48
561254df-03ad-4730-a293-8ee72e641203,ventral.fashion,available,32.49,32.49,high,low,7,namesilo,,,
ebc4a2b2-fe3e-452b-b69b-3881b79bf002,castleton.fashion,available,26.97,26.97,medium,low,9,dynadot,,,02/10/2026 20:54
6a6ff0a1-c03e-4f6a-a83a-b4438df03e51,radioactive.fashion,available,26.08,26.08,medium,low,11,spaceship,,,28/09/2026 11:17
96dd1e0c-5822-4777-9f07-b2fee8a22bb1,younger.fashion,available,32.49,32.49,high,low,7,namesilo,,,25/09/2026 12:10
d0119a8b-270a-4fdc-be58-91a7c17e3e5b,pth.fashion,premium,41.6,26.08,high,low,3,spaceship,,,01/10/2026 06:57
f6812797-dc50-4f7c-a70d-48118e36442e,adherent.fashion,available,32.49,32.49,high,low,8,namesilo,,,
7b898674-d337-4dd8-8656-8a6d68965d1a,ppp.fashion,premium,,,high,low,3,,,,28/09/2026 06:33
889b1ee9-cc6e-420a-8acb-364a0ac7df17,alpenstock.fashion,available,33.98,45.98,medium,low,10,namecheap,,,18/09/2026 13:32
3fb14caf-bf35-4ec8-a64d-18be74d56ea8,immature.fashion,available,32.49,32.49,medium,low,8,namesilo,,,21/08/2026 20:52
fe8258ba-bbad-4dba-9c96-a6ab34b43b9e,kiosks.fashion,available,25.2,25.2,medium,low,6,cloudflare,,,02/10/2026 03:27
2afeb740-516c-434e-811a-1bb92a4f1b6d,recommend.fashion,available,33.98,45.98,high,low,9,namecheap,,,28/09/2026 19:07
759695d8-7589-4364-ae83-c5a13d45a020,unattended.fashion,available,32.49,32.49,medium,low,10,namesilo,,,12/09/2026 01:17
8704ac98-1c6c-4fa1-b108-a1fe3b16d6cb,thermionic.fashion,available,32.49,32.49,medium,low,10,namesilo,,,11/09/2026 12:56
52beed6e-b05b-4d4f-8313-f1f94026cddf,impolite.fashion,available,32.49,32.49,medium,low,8,namesilo,,,21/08/2026 22:43
a334741f-f1ff-4e82-83b6-5b19985fc356,cocktails.fashion,available,26.08,26.08,medium,low,9,spaceship,,,30/09/2026 14:46
131d6d7e-06bc-48fc-a6fa-bf3d988f1fc5,globally.fashion,available,32.49,32.49,high,low,8,namesilo,,,14/09/2026 21:41
d16f593c-8212-4668-9e9e-d290654dfb82,confirming.fashion,available,32.49,32.49,high,low,10,namesilo,,,23/09/2026 19:45
3d87b7ea-4e00-4f88-963b-90d0d33e7190,behavior.fashion,available,33.98,45.98,high,low,8,namecheap,,,23/09/2026 03:06
95998d8e-a162-45c5-9243-e5172c3cf1d2,stupefied.fashion,available,46.99,46.99,medium,low,9,name.com,,,13/08/2026 18:55
3c8e81f5-ee4c-4f81-b111-496e349f6cdc,badminton.fashion,available,33.98,45.98,high,low,9,namecheap,,,21/09/2026 17:13
aa51683b-22e4-413e-b5a7-f2ba8d10e972,vandalism.fashion,available,33.98,45.98,medium,low,9,namecheap,,,29/09/2026 22:58
c3dd05fc-00c2-4e4c-b405-5fcb3f722a52,hearn.fashion,premium,41.6,26.08,high,low,5,spaceship,,,29/09/2026 15:40
1d61bc5f-cd28-496d-92ef-3f96ea1a52a9,breda.fashion,available,26.08,26.08,medium,low,5,spaceship,,,30/09/2026 21:05
6f79e510-190d-4e3a-83a2-8df1baca3cbf,backpacker.fashion,available,32.49,32.49,high,low,10,namesilo,,,21/09/2026 15:44
5cfc395a-7b48-40a6-9325-dd55574ce5a7,pursy.fashion,available,32.49,32.49,high,medium,5,namesilo,,,09/09/2026 06:28
ca72eeae-d135-4551-8df2-94bfeb3f41d0,full.fashion,premium,242,29.5,high,low,4,namesilo,,,24/09/2026 14:07
5e4b0485-73e5-4e3e-a353-50ee023f2616,pierced.fashion,available,32.49,32.49,high,low,7,namesilo,,,08/09/2026 16:50
7e352d15-cc7d-47c6-8cc0-f20c505685fe,receive.fashion,available,26.26,26.26,high,low,7,porkbun,,,30/09/2026 21:22
d887f04a-3cba-4345-bb11-cf7bb71d50d3,town.fashion,premium,41.6,26.08,high,low,4,spaceship,,,30/09/2026 00:27
a8ecea5d-a126-4437-83a2-eb563a2c6407,participation.fashion,available,26.08,26.08,medium,low,13,spaceship,,,28/09/2026 22:50
2d87b251-62f4-4826-af56-4f571df6c8bf,renowned.fashion,available,32.49,32.49,high,low,8,namesilo,,,11/08/2026 23:18
aed6b8ae-eeb1-49b6-9e3f-8f6801e1edd5,brownian.fashion,available,26.08,26.08,medium,low,8,spaceship,,,01/10/2026 23:12
5b651e48-bfb2-4fc8-9b4e-7e73a6d2a18f,videogames.fashion,available,26.26,26.26,medium,low,11,porkbun,,,01/10/2026 16:42
8ed9d335-e82a-467e-a324-f3dbb3515d57,dusts.fashion,available,32.49,32.49,low,low,5,namesilo,,,21/09/2026 01:44
837bf0e0-d5c1-4b32-9d38-71c78ff5237f,agreeing.fashion,available,26.26,26.26,high,low,8,porkbun,,,28/09/2026 15:41
a07d4bb6-f78f-4c5f-8c1a-e0a970bda148,imminent.fashion,available,33.98,45.98,high,low,8,namecheap,,,21/08/2026 20:55
ce8ee830-5860-4961-be3e-a52f4fa7b6df,fatefully.fashion,available,33.98,45.98,medium,low,9,namecheap,,,14/09/2026 17:53
a4ea96c6-c957-4cc5-8b75-e097def333cd,muhammed.fashion,available,26.08,26.08,medium,low,8,spaceship,,,02/10/2026 09:49
23e3728a-3d63-4b32-8503-8f1ebaac7401,packaged.fashion,available,32.49,32.49,high,low,8,namesilo,,,04/09/2026 22:44
96b6fb73-aeda-4da6-8445-e4d204e278ab,toxicant.fashion,available,32.49,32.49,medium,low,8,namesilo,,,08/09/2026 22:42
edd33f4d-2030-42b7-af02-01f42a2f2228,masonic.fashion,available,32.49,32.49,high,low,7,namesilo,,,24/08/2026 16:39
456bc4fd-bfb2-4f38-a664-83405ae7abad,scant.fashion,available,32.49,32.49,medium,low,5,namesilo,,,09/09/2026 22:36
e29d5b00-e724-4d12-a3e2-ff0e83d03361,incentive.fashion,available,26.08,26.08,high,low,9,spaceship,,,29/09/2026 23:44
281ec5ce-b67d-487b-b68d-3fb63081b059,invention.fashion,available,26.97,26.97,high,low,9,dynadot,,,28/09/2026 02:09
8d745d79-ca7b-43a0-bb3d-ae2c853af5c1,afflatus.fashion,available,33.98,45.98,medium,low,8,namecheap,,,17/09/2026 14:39
ab8dea2e-946c-4744-9be3-c0afdd369565,maculate.fashion,available,32.49,32.49,medium,low,8,namesilo,,,13/08/2026 23:26
44be2a9a-7f19-43a7-8342-a579290b0ac0,overwhelm.fashion,available,32.49,32.49,high,low,9,namesilo,,,30/09/2026 18:52
56a346f8-af9e-4673-9e8a-ad0b0ea4e3b9,motorcar.fashion,available,32.49,32.49,high,low,8,namesilo,,,21/09/2026 05:29
acdd27a1-a00b-4bcd-a2e0-d4de1f84b666,priscilla.fashion,available,33.98,45.98,high,low,9,namecheap,,,28/09/2026 03:51
402db9fa-c621-44c0-8f1c-448859696e7b,hume.fashion,premium,47.2,29.5,high,low,4,namesilo,,,25/09/2026 04:46
8d680258-c7fb-4982-852e-95764cb28e8c,lobbying.fashion,available,26.08,26.08,high,low,8,spaceship,,,02/10/2026 18:31
d71cfc9c-40b4-4ae1-b2ae-a9aba4aa1a0e,astro.fashion,resell,,,high,medium,5,,,,29/09/2026 14:36
aa4bcf48-9cb5-4688-84ea-c6b77f97fa4c,hoarding.fashion,available,32.49,32.49,medium,low,8,namesilo,,,23/09/2026 16:09
45702641-89bb-484b-8c02-2f6c5b97da81,letting.fashion,available,32.49,32.49,high,low,7,namesilo,,,09/09/2026 14:21
32106de4-51f8-429a-addb-072228bb4754,looted.fashion,available,32.49,32.49,medium,low,6,namesilo,,,24/08/2026 09:45
78a27cd9-1f95-4df7-8124-9cb012860b33,anteroom.fashion,available,32.49,32.49,medium,low,8,namesilo,,,19/09/2026 12:42
eb20f6bc-51f0-4b4a-a7a8-f46ac041a2b1,beau.fashion,premium,50,46.99,high,low,4,name.com,,,13/08/2026 17:13
127172f5-37fa-43cc-8321-b3edc5d94ef3,taoism.fashion,available,33.98,45.98,medium,low,6,namecheap,,,30/09/2026 16:55
58315b83-d621-4e80-ac61-2b03fa3088c4,ceric.fashion,available,32.49,32.49,medium,low,5,namesilo,,,12/08/2026 00:39
55e831ad-8411-4e9d-b919-165380a3a26d,magnified.fashion,available,32.49,32.49,high,low,9,namesilo,,,24/08/2026 13:08
92b4b1f6-1003-4de6-a51c-2f3e8788e3cc,conquests.fashion,available,32.49,32.49,medium,low,9,namesilo,,,02/10/2026 13:36
08b21aeb-e4fc-4e92-b134-89a0ea4b271a,exciting.fashion,available,32.49,32.49,high,low,8,namesilo,,,24/09/2026 15:57
e014d62b-c082-4300-8b2e-aa3c983ed7a8,makomako.fashion,available,32.49,32.49,medium,low,8,namesilo,,,20/09/2026 05:57
564008a0-7817-44de-82af-a0a779e81d31,informs.fashion,available,32.49,32.49,medium,low,7,namesilo,,,20/09/2026 13:37
468e4657-838f-4aac-aa98-d9ce7efde2e0,hanger.fashion,premium,250,,high,low,6,name.com,,,29/09/2026 22:02
23bd1368-cb27-43f9-afdd-fdfc8de8e6d1,browning.fashion,available,26.08,26.08,high,low,8,spaceship,,,29/09/2026 11:47
df7b0b26-dd17-4ed7-9bb4-3bac20c0203e,mao.fashion,premium,47.2,29.5,high,low,3,namesilo,,,30/09/2026 03:52
9f72a757-45c3-4e4b-909b-89066e95a715,sand.fashion,premium,52,32.5,high,low,4,namecheap,,,18/09/2026 15:40
f9b7fcf5-6e98-418c-8575-f7ffd0ef12c9,brewery.fashion,available,26.08,26.08,high,low,7,spaceship,,,28/09/2026 18:30
08ca6eba-24ab-4c39-a7c7-2d95806a5885,rouse.fashion,available,33.98,45.98,high,low,5,namecheap,,,03/10/2026 02:26
84a5f082-d8b3-4c26-8cd9-6f7c20d3f5a4,lakh.fashion,available,32.49,32.49,medium,low,4,namesilo,,,21/08/2026 15:36
f0933f07-ac17-4819-8d60-7c8e4c414af5,karlsson.fashion,available,25.2,25.2,medium,low,8,cloudflare,,,02/10/2026 20:04
24269f8c-c4ec-47d4-90d8-335cf6d2ffc4,repertoire.fashion,available,26.08,26.08,high,low,10,spaceship,,,03/10/2026 01:54
09b225b0-6609-46cc-bb68-34401e76cdbf,tractive.fashion,available,32.49,32.49,medium,low,8,namesilo,,,11/09/2026 18:40
c9c0f861-67b0-4d3f-82b7-36ebe9d6bcb1,laurent.fashion,available,32.49,32.49,medium,low,7,namesilo,,,27/09/2026 09:55
74cd7846-4686-4344-a43c-624f7d7def65,rapacious.fashion,available,32.49,32.49,medium,low,9,namesilo,,,15/08/2026 05:26
2a3327d8-d794-43f1-8dae-037ba722dded,ambient.fashion,available,32.49,32.49,high,low,7,namesilo,,,
3729d199-8ffb-4113-b15c-d9244c5acd94,mec.fashion,premium,41.6,26.08,high,low,3,spaceship,,,01/10/2026 07:00
fa9c8a63-ca5e-4ee5-9b92-726d0483044d,splendidly.fashion,available,32.49,32.49,medium,low,10,namesilo,,,14/09/2026 16:44
1950ec5c-08eb-481b-a3c5-7402ef527a10,anasazi.fashion,available,32.49,32.49,medium,low,7,namesilo,,,19/09/2026 03:16
66636512-4231-4a6e-a8b9-31d0189f56cc,arbitrate.fashion,available,32.49,32.49,high,low,9,namesilo,,,22/08/2026 08:17
34faf79c-8d9b-4000-908d-670507571cae,picturesque.fashion,available,32.49,32.49,high,low,11,namesilo,,,01/10/2026 04:56
248ca118-c367-44ae-b824-f8fb0638b007,carsick.fashion,available,33.98,45.98,medium,low,7,namecheap,,,
c15f960c-afd9-45ef-b592-7d4596d93f32,unpunished.fashion,available,32.49,32.49,medium,low,10,namesilo,,,12/09/2026 17:37
e38781ef-ff8d-4895-a0e0-f635aee47876,flake.fashion,available,32.49,32.49,medium,low,5,namesilo,,,14/08/2026 23:23
e8ac9aaa-ac37-45d4-81f8-ea33e2ae3582,devouring.fashion,available,26.08,26.08,medium,low,9,spaceship,,,03/10/2026 03:15
750f30a8-a861-46ce-be34-ca7aa635d185,friar.fashion,available,33.98,45.98,medium,low,5,namecheap,,,24/08/2026 20:10
2fa204c2-8e3e-4424-9630-da3278cedcc3,nmda.fashion,available,25.2,25.2,high,low,4,cloudflare,,,02/10/2026 12:45
a70fd7de-7650-4fef-a3f3-f2fc0349ff4f,kingman.fashion,available,26.08,26.08,medium,low,7,spaceship,,,30/09/2026 13:59
96dcb8a1-a95a-4570-a397-e0e433ff61d2,kastler.fashion,available,32.49,32.49,medium,low,7,namesilo,,,18/09/2026 06:34
f9384f49-981d-48a1-8b39-5ec8d68e9705,befitting.fashion,available,32.49,32.49,medium,low,9,namesilo,,,09/08/2026 08:38
6cf59f9e-e0d5-4b8c-bd63-a34022aff16a,taft.fashion,premium,41.6,26.08,high,low,4,spaceship,,,29/09/2026 07:29
1dccb127-3005-46aa-b571-e447d9ec15a7,muller.fashion,premium,,,high,low,6,,,,29/09/2026 18:58
c4d4410f-5b3b-4137-9581-9457145a8881,permission.fashion,available,32.49,32.49,high,low,10,namesilo,,,25/09/2026 09:53
581e47af-06c3-4fa9-b9a9-7c194373a613,sap.fashion,premium,828.2,26.08,high,low,3,spaceship,,,29/09/2026 06:26
081f639a-e147-4112-8097-d7a0e3743622,skype.fashion,available,32.49,32.49,high,medium,5,namesilo,,,02/10/2026 13:53
bed4698c-ac96-449c-8a8d-6e6f6917332a,werner.fashion,premium,47.2,29.5,high,low,6,namesilo,,,25/09/2026 21:47
99df7cb7-8abf-4a15-a59f-351455613b83,gregarious.fashion,available,32.49,32.49,high,low,10,namesilo,,,20/08/2026 19:56
64170d35-7c9b-4937-ae4c-aa6d3dff88f5,sti.fashion,premium,41.6,26.08,high,low,3,spaceship,,,30/09/2026 19:35
05f1c95b-85ce-4645-9d78-3f866c28dc48,roxanne.fashion,available,26.08,26.08,high,low,7,spaceship,,,01/10/2026 23:46
fa08d3ef-d2b7-4b6a-b3a3-77d185631e60,olefin.fashion,available,32.49,32.49,medium,low,6,namesilo,,,18/09/2026 08:30
52413b85-4c47-433e-a0eb-5dfddead7f4d,whorehouse.fashion,available,33.98,45.98,medium,low,10,namecheap,,,21/09/2026 18:13
140aff5f-8ce1-421b-9d1b-083718485783,ubs.fashion,premium,,,high,medium,3,,,,02/10/2026 00:21
a5f52e43-b929-4e38-a199-a52b60289f14,sardonic.fashion,available,32.49,32.49,high,medium,8,namesilo,,,09/09/2026 21:31
75a2f4b1-bf5c-4122-8783-0491c97c116c,oriented.fashion,available,33.98,45.98,high,low,8,namecheap,,,26/09/2026 00:29
a0d70795-8a28-44b0-909d-3c16c72723bf,presentation.fashion,available,32.49,32.49,high,low,12,namesilo,,,02/10/2026 16:27
38ed3682-54b5-4cd1-9b28-2bbca64ac1ea,abject.fashion,available,32.49,32.49,medium,low,6,namesilo,,,
26a53e65-068e-4243-9b90-95b44a55756c,ascoma.fashion,available,32.49,32.49,medium,low,6,namesilo,,,20/09/2026 13:22
db42ad71-f934-4ce6-a0cc-f4048c19c23c,jovian.fashion,available,32.49,32.49,medium,low,6,namesilo,,,22/08/2026 14:02
02b705ce-9936-4709-a532-b633e86c5aac,kendra.fashion,premium,41.6,26.08,medium,low,6,spaceship,,,01/10/2026 07:27
eef9d9f7-6de4-4970-a3c9-a73d3e0c4a0c,decoration.fashion,premium,41.6,26.08,high,low,10,spaceship,,,28/09/2026 18:55
51e3e71e-e3a8-4b11-b070-c5387794fe80,claiming.fashion,available,25.2,25.2,high,low,8,cloudflare,,,28/09/2026 11:29
455b0eb7-84ef-40a3-9291-016ee13d1ecd,swarm.fashion,available,32.49,32.49,high,medium,5,namesilo,,,29/09/2026 14:02
49560692-7156-4b35-a190-ec47bdf9eb65,statutes.fashion,available,26.97,26.97,medium,low,8,dynadot,,,30/09/2026 23:10
5aeb115d-6cd3-4788-8cfe-74ab16f99506,nobles.fashion,available,25.2,25.2,medium,low,6,cloudflare,,,29/09/2026 15:05
a77003f7-7b82-468d-8f94-a6e7f80bbca2,surgeons.fashion,available,32.49,32.49,medium,low,8,namesilo,,,28/09/2026 17:27
960528af-5228-40e9-9720-8d9c6d3fe79f,expansive.fashion,available,33.98,45.98,high,low,9,namecheap,,,17/08/2026 18:00
a3aa10b4-0f48-4c36-a173-d0a6eccc2fda,ill.fashion,premium,242,29.5,high,low,3,namesilo,,,25/09/2026 07:33
43e73d0c-f302-412b-8729-3b574c6f9be4,tuesdays.fashion,available,26.08,26.08,high,low,8,spaceship,,,02/10/2026 16:20
281c3f50-0873-42f4-bc22-e004e6097307,forking.fashion,available,32.49,32.49,medium,low,7,namesilo,,,11/08/2026 02:19
8fa14a68-883d-444c-a9c9-7d5ffed9aa7b,contracted.fashion,available,32.49,32.49,high,low,10,namesilo,,,23/09/2026 22:26
7040e2e4-d2a9-4a08-8994-8bb9dfe23d59,medford.fashion,available,26.08,26.08,medium,low,7,spaceship,,,28/09/2026 10:21
f07f5257-7a49-4aad-ac4f-13fc66ea3b11,kauai.fashion,available,32.49,32.49,high,low,5,namesilo,,,29/09/2026 13:15
01fb853c-f382-4cc8-9f10-903d35220391,chappell.fashion,available,26.97,26.97,medium,low,8,dynadot,,,28/09/2026 21:34
8447f027-04f4-4f23-ad23-b66e885e3063,compilers.fashion,available,32.49,32.49,medium,low,9,namesilo,,,
080affc3-b297-4ea2-b947-fcd01ab38417,extendable.fashion,available,33.98,45.98,medium,low,10,namecheap,,,17/08/2026 18:59
749f104e-ebcb-47f4-9c95-09f29ad3cade,gallus.fashion,available,25.2,25.2,high,low,6,cloudflare,,,02/10/2026 04:58
4831691e-ea27-4b82-9449-1c52304318f0,repel.fashion,available,25.2,25.2,high,low,5,cloudflare,,,29/09/2026 15:49
d4cc8dae-cfe3-43cf-942b-7647e774e716,pastor.fashion,premium,50,46.99,high,low,6,name.com,,,24/09/2026 20:20
31aece64-0cb3-4a44-bda6-91e357cf0f78,urals.fashion,available,25.2,25.2,medium,low,5,cloudflare,,,30/09/2026 19:04
97c2e4cc-ec64-4280-b4a5-b25dc216e5fb,maurer.fashion,available,32.49,32.49,medium,low,6,namesilo,,,30/09/2026 07:54
211ec853-1152-4ccb-a46f-ef79e5ed6070,politically.fashion,available,26.08,26.08,medium,low,11,spaceship,,,28/09/2026 11:12
35473931-8167-4256-bf28-75b0fd1cf658,kris.fashion,premium,52,32.5,high,medium,4,namecheap,,,30/09/2026 09:17
4102bde6-c5c2-4cc3-b7a0-87d19f346b8e,trolley.fashion,available,33.98,45.98,high,low,7,namecheap,,,29/09/2026 14:00
0a214de4-f4b1-479f-8767-f33d1e39eaf1,sleazy.fashion,available,32.49,32.49,medium,low,6,namesilo,,,11/08/2026 09:04
6462aa15-5f59-4abf-bb41-be756397b337,lured.fashion,available,25.2,25.2,medium,low,5,cloudflare,,,01/10/2026 18:14
f4a821e1-2c32-4d31-b93a-4b4eb1d8da14,typography.fashion,available,26.97,26.97,high,low,10,dynadot,,,30/09/2026 11:13
1bc71e95-acaf-4fc8-b12d-61e4bdc42db5,indigene.fashion,available,32.49,32.49,medium,low,8,namesilo,,,03/09/2026 13:49
11584ac0-5001-495f-a2c6-425c0bba9ee4,coaches.fashion,available,32.49,32.49,medium,low,7,namesilo,,,20/09/2026 07:46
743cdc8d-09fe-4293-886d-821bc6365dca,candles.fashion,available,32.49,32.49,high,low,7,namesilo,,,18/09/2026 07:24
f3f7a54b-ced1-487b-b05a-61c528a60e23,aneurism.fashion,available,32.49,32.49,medium,low,8,namesilo,,,19/09/2026 05:43
ce480f54-2bd1-499a-9331-3de89fecfed4,inman.fashion,available,25.2,25.2,medium,low,5,cloudflare,,,29/09/2026 15:42
1e03f6c7-6b2f-421f-bf77-a48cf90b9853,exon.fashion,premium,,,medium,low,4,,,,30/09/2026 01:04
f2b31694-d4cd-4f22-aacc-b016028c1e07,chen.fashion,premium,96,29.5,high,low,4,namesilo,,,25/09/2026 04:12
4ea4fae9-2cc3-47b0-a3ea-4aaf0179cc7c,towne.fashion,available,26.97,26.97,medium,low,5,dynadot,,,29/09/2026 09:05
13cbe0fc-fa25-42c2-8e48-b2a78d2e903d,aberdare.fashion,available,32.49,32.49,medium,low,8,namesilo,,,16/09/2026 15:08
f8b10727-c839-4d88-93c8-6e8b3804a3af,heian.fashion,premium,44,26.97,medium,low,5,dynadot,,,02/10/2026 23:11
b6d1e0c5-cdf9-4314-9f3b-30d7f212125c,caper.fashion,available,33.98,45.98,high,low,5,namecheap,,,22/09/2026 06:32
22f9ad0c-09f8-4978-a50f-e95ca36d2b5b,padded.fashion,available,32.49,32.49,high,low,6,namesilo,,,13/08/2026 11:57
40e19ace-6257-4921-b400-93dd62e39f61,unfeigned.fashion,available,32.49,32.49,medium,low,9,namesilo,,,12/09/2026 10:06
53969251-f51c-4b73-8cb5-6278ae938e95,influential.fashion,available,32.49,32.49,high,low,11,namesilo,,,08/09/2026 05:20
19ae88a2-b1e1-4c7c-84d3-1b1feb398be0,motherfukkah.fashion,available,26.08,26.08,medium,low,12,spaceship,,,02/10/2026 05:04
7b11c3c5-5988-4e91-b43b-45d216eb3960,bleacher.fashion,available,32.49,32.49,medium,low,8,namesilo,,,24/09/2026 05:15
d1b7d84a-b3f9-42d6-8b33-da90e3d6cec2,collapsing.fashion,available,32.49,32.49,low,low,10,namesilo,,,20/09/2026 17:39
76be7b0a-4ab7-4560-b6f3-07ac40fcb8e8,oedipus.fashion,available,25.2,25.2,medium,low,7,cloudflare,,,03/10/2026 01:25
0d007bc2-447f-4a2b-aced-9538badd926a,eponymous.fashion,available,32.49,32.49,high,low,9,namesilo,,,17/08/2026 11:29
759074c7-c886-43e9-922f-c020e44059e0,noises.fashion,available,25.2,25.2,low,low,6,cloudflare,,,28/09/2026 13:21
0e15d362-dee1-4f33-8219-b6e226e1afd5,hairdryers.fashion,available,32.49,32.49,medium,low,10,namesilo,,,20/09/2026 13:02
fb6c4d20-78ee-4177-acbd-c49c49e06c06,unitedly.fashion,available,32.49,32.49,medium,low,8,namesilo,,,16/09/2026 10:08
2879a05e-b638-40b4-bd29-1b4625f7e22e,aphis.fashion,available,32.49,32.49,medium,low,5,namesilo,,,19/09/2026 17:05
84351ce1-7070-40dc-997d-42ac9a6c8f71,benighted.fashion,available,32.49,32.49,low,low,9,namesilo,,,08/09/2026 09:10
04438428-3a93-4e2a-ae22-4fe69463e8dd,banks.fashion,available,32.49,32.49,high,low,5,namesilo,,,22/09/2026 02:52
32cc5751-461a-4728-92c1-c567f3631643,mentoring.fashion,available,25.2,25.2,high,low,9,cloudflare,,,01/10/2026 21:09
4ca246e1-c3f4-49c4-b405-b7a952ccf048,pellagra.fashion,available,32.49,32.49,medium,low,8,namesilo,,,18/09/2026 13:55
49d09a65-4fb8-42c7-a771-0fbc94fdd60e,footballers.fashion,available,33.98,45.98,medium,low,11,namecheap,,,20/09/2026 13:07